"DateTime","Players","Average Players"
"2005-01-20 00:00:00",129,
"2005-01-21 00:00:00",,
"2005-01-22 00:00:00",215,
"2005-01-23 00:00:00",,
"2005-01-24 00:00:00",,
"2005-01-25 00:00:00",240,
"2005-01-26 00:00:00",,
"2005-01-27 00:00:00",,
"2005-01-28 00:00:00",,
"2005-01-29 00:00:00",478,
"2005-01-30 00:00:00",,
"2005-01-31 00:00:00",550,
"2005-02-01 00:00:00",,
"2005-02-02 00:00:00",,
"2005-02-03 00:00:00",,
"2005-02-04 00:00:00",,
"2005-02-05 00:00:00",367,
"2005-02-06 00:00:00",,
"2005-02-07 00:00:00",329,
"2005-02-08 00:00:00",359,
"2005-02-09 00:00:00",365,
"2005-02-10 00:00:00",,
"2005-02-11 00:00:00",,
"2005-02-12 00:00:00",,
"2005-02-13 00:00:00",,
"2005-02-14 00:00:00",,
"2005-02-15 00:00:00",417,
"2005-02-16 00:00:00",,
"2005-02-17 00:00:00",,
"2005-02-18 00:00:00",253,
"2005-02-19 00:00:00",,
"2005-02-20 00:00:00",,
"2005-02-21 00:00:00",,
"2005-02-22 00:00:00",,
"2005-02-23 00:00:00",,
"2005-02-24 00:00:00",,
"2005-02-25 00:00:00",224,
"2005-02-26 00:00:00",244,
"2005-02-27 00:00:00",274,
"2005-02-28 00:00:00",,
"2005-03-01 00:00:00",,
"2005-03-02 00:00:00",198,
"2005-03-03 00:00:00",117,
"2005-03-04 00:00:00",,
"2005-03-05 00:00:00",,
"2005-03-06 00:00:00",223,
"2005-03-07 00:00:00",195,
"2005-03-08 00:00:00",,
"2005-03-09 00:00:00",,
"2005-03-10 00:00:00",,
"2005-03-11 00:00:00",147,
"2005-03-12 00:00:00",173,
"2005-03-13 00:00:00",181,
"2005-03-14 00:00:00",124,
"2005-03-15 00:00:00",141,
"2005-03-16 00:00:00",131,
"2005-03-17 00:00:00",,
"2005-03-18 00:00:00",,
"2005-03-19 00:00:00",,
"2005-03-20 00:00:00",,
"2005-03-21 00:00:00",158,
"2005-03-22 00:00:00",206,
"2005-03-23 00:00:00",,
"2005-03-24 00:00:00",,
"2005-03-25 00:00:00",,
"2005-03-26 00:00:00",99,
"2005-03-27 00:00:00",,
"2005-03-28 00:00:00",162,
"2005-03-29 00:00:00",,
"2005-03-30 00:00:00",204,
"2005-03-31 00:00:00",,
"2005-04-01 00:00:00",112,
"2005-04-02 00:00:00",,
"2005-04-03 00:00:00",,
"2005-04-04 00:00:00",,
"2005-04-05 00:00:00",,
"2005-04-06 00:00:00",93,
"2005-04-07 00:00:00",,
"2005-04-08 00:00:00",,
"2005-04-09 00:00:00",,
"2005-04-10 00:00:00",,
"2005-04-11 00:00:00",132,
"2005-04-12 00:00:00",,
"2005-04-13 00:00:00",,
"2005-04-14 00:00:00",82,
"2005-04-15 00:00:00",,
"2005-04-16 00:00:00",,
"2005-04-17 00:00:00",,
"2005-04-18 00:00:00",,
"2005-04-19 00:00:00",,
"2005-04-20 00:00:00",168,
"2005-04-21 00:00:00",117,
"2005-04-22 00:00:00",134,
"2005-04-23 00:00:00",,
"2005-04-24 00:00:00",,
"2005-04-25 00:00:00",,
"2005-04-26 00:00:00",,
"2005-04-27 00:00:00",,
"2005-04-28 00:00:00",,
"2005-04-29 00:00:00",,
"2005-04-30 00:00:00",,
"2005-05-01 00:00:00",,
"2005-05-02 00:00:00",,
"2005-05-03 00:00:00",,
"2005-05-04 00:00:00",,
"2005-05-05 00:00:00",,
"2005-05-06 00:00:00",,
"2005-05-07 00:00:00",177,
"2005-05-08 00:00:00",133,
"2005-05-09 00:00:00",62,
"2005-05-10 00:00:00",,
"2005-05-11 00:00:00",41,
"2005-05-12 00:00:00",34,
"2005-05-13 00:00:00",,
"2005-05-14 00:00:00",,
"2005-05-15 00:00:00",23,
"2005-05-16 00:00:00",,
"2005-05-17 00:00:00",,
"2005-05-18 00:00:00",,
"2005-05-19 00:00:00",,
"2005-05-20 00:00:00",,
"2005-05-21 00:00:00",19,
"2005-05-22 00:00:00",18,
"2005-05-23 00:00:00",,
"2005-05-24 00:00:00",,
"2005-05-25 00:00:00",,
"2005-05-26 00:00:00",,
"2005-05-27 00:00:00",,
"2005-05-28 00:00:00",,
"2005-05-29 00:00:00",26,
"2005-05-30 00:00:00",,
"2005-05-31 00:00:00",,
"2005-06-01 00:00:00",,
"2005-06-02 00:00:00",,
"2005-06-03 00:00:00",,
"2005-06-04 00:00:00",,
"2005-06-05 00:00:00",,
"2005-06-06 00:00:00",,
"2005-06-07 00:00:00",,
"2005-06-08 00:00:00",,
"2005-06-09 00:00:00",,
"2005-06-10 00:00:00",,
"2005-06-11 00:00:00",,
"2005-06-12 00:00:00",,
"2005-06-13 00:00:00",,
"2005-06-14 00:00:00",,
"2005-06-15 00:00:00",,
"2005-06-16 00:00:00",,
"2005-06-17 00:00:00",,
"2005-06-18 00:00:00",,
"2005-06-19 00:00:00",,
"2005-06-20 00:00:00",,
"2005-06-21 00:00:00",,
"2005-06-22 00:00:00",,
"2005-06-23 00:00:00",,
"2005-06-24 00:00:00",,
"2005-06-25 00:00:00",,
"2005-06-26 00:00:00",,
"2005-06-27 00:00:00",,
"2005-06-28 00:00:00",,
"2005-06-29 00:00:00",,
"2005-06-30 00:00:00",,
"2005-07-01 00:00:00",,
"2005-07-02 00:00:00",,
"2005-07-03 00:00:00",,
"2005-07-04 00:00:00",,
"2005-07-05 00:00:00",,
"2005-07-06 00:00:00",,
"2005-07-07 00:00:00",,
"2005-07-08 00:00:00",,
"2005-07-09 00:00:00",,
"2005-07-10 00:00:00",,
"2005-07-11 00:00:00",,
"2005-07-12 00:00:00",,
"2005-07-13 00:00:00",,
"2005-07-14 00:00:00",,
"2005-07-15 00:00:00",,
"2005-07-16 00:00:00",,
"2005-07-17 00:00:00",,
"2005-07-18 00:00:00",,
"2005-07-19 00:00:00",,
"2005-07-20 00:00:00",,
"2005-07-21 00:00:00",,
"2005-07-22 00:00:00",,
"2005-07-23 00:00:00",,
"2005-07-24 00:00:00",,
"2005-07-25 00:00:00",,
"2005-07-26 00:00:00",,
"2005-07-27 00:00:00",,
"2005-07-28 00:00:00",,
"2005-07-29 00:00:00",,
"2005-07-30 00:00:00",,
"2005-07-31 00:00:00",,
"2005-08-01 00:00:00",,
"2005-08-02 00:00:00",,
"2005-08-03 00:00:00",,
"2005-08-04 00:00:00",,
"2005-08-05 00:00:00",,
"2005-08-06 00:00:00",,
"2005-08-07 00:00:00",,
"2005-08-08 00:00:00",,
"2005-08-09 00:00:00",,
"2005-08-10 00:00:00",,
"2005-08-11 00:00:00",,
"2005-08-12 00:00:00",,
"2005-08-13 00:00:00",,
"2005-08-14 00:00:00",,
"2005-08-15 00:00:00",,
"2005-08-16 00:00:00",,
"2005-08-17 00:00:00",,
"2005-08-18 00:00:00",437,
"2005-08-19 00:00:00",,
"2005-08-20 00:00:00",312,
"2005-08-21 00:00:00",,
"2005-08-22 00:00:00",639,
"2005-08-23 00:00:00",,
"2005-08-24 00:00:00",,
"2005-08-25 00:00:00",421,
"2005-08-26 00:00:00",,
"2005-08-27 00:00:00",697,
"2005-08-28 00:00:00",845,
"2005-08-29 00:00:00",,
"2005-08-30 00:00:00",,
"2005-08-31 00:00:00",,
"2005-09-01 00:00:00",,
"2005-09-02 00:00:00",,
"2005-09-03 00:00:00",,
"2005-09-04 00:00:00",,
"2005-09-05 00:00:00",223,
"2005-09-06 00:00:00",,
"2005-09-07 00:00:00",,
"2005-09-08 00:00:00",,
"2005-09-09 00:00:00",587,
"2005-09-10 00:00:00",364,
"2005-09-11 00:00:00",,
"2005-09-12 00:00:00",,
"2005-09-13 00:00:00",392,
"2005-09-14 00:00:00",,
"2005-09-15 00:00:00",,
"2005-09-16 00:00:00",,
"2005-09-17 00:00:00",,
"2005-09-18 00:00:00",,
"2005-09-19 00:00:00",,
"2005-09-20 00:00:00",363,
"2005-09-21 00:00:00",,
"2005-09-22 00:00:00",170,
"2005-09-23 00:00:00",,
"2005-09-24 00:00:00",,
"2005-09-25 00:00:00",,
"2005-09-26 00:00:00",,
"2005-09-27 00:00:00",,
"2005-09-28 00:00:00",,
"2005-09-29 00:00:00",,
"2005-09-30 00:00:00",,
"2005-10-01 00:00:00",,
"2005-10-02 00:00:00",,
"2005-10-03 00:00:00",,
"2005-10-04 00:00:00",,
"2005-10-05 00:00:00",,
"2005-10-06 00:00:00",,
"2005-10-07 00:00:00",,
"2005-10-08 00:00:00",,
"2005-10-09 00:00:00",,
"2005-10-10 00:00:00",,
"2005-10-11 00:00:00",,
"2005-10-12 00:00:00",,
"2005-10-13 00:00:00",,
"2005-10-14 00:00:00",,
"2005-10-15 00:00:00",,
"2005-10-16 00:00:00",,
"2005-10-17 00:00:00",,
"2005-10-18 00:00:00",,
"2005-10-19 00:00:00",,
"2005-10-20 00:00:00",,
"2005-10-21 00:00:00",,
"2005-10-22 00:00:00",,
"2005-10-23 00:00:00",,
"2005-10-24 00:00:00",,
"2005-10-25 00:00:00",,
"2005-10-26 00:00:00",,
"2005-10-27 00:00:00",,
"2005-10-28 00:00:00",,
"2005-10-29 00:00:00",,
"2005-10-30 00:00:00",,
"2005-10-31 00:00:00",,
"2005-11-01 00:00:00",,
"2005-11-02 00:00:00",,
"2005-11-03 00:00:00",56,
"2005-11-04 00:00:00",12,
"2005-11-05 00:00:00",,
"2005-11-06 00:00:00",,
"2005-11-07 00:00:00",,
"2005-11-08 00:00:00",,
"2005-11-09 00:00:00",,
"2005-11-10 00:00:00",,
"2005-11-11 00:00:00",,
"2005-11-12 00:00:00",,
"2005-11-13 00:00:00",,
"2005-11-14 00:00:00",,
"2005-11-15 00:00:00",,
"2005-11-16 00:00:00",,
"2005-11-17 00:00:00",,
"2005-11-18 00:00:00",,
"2005-11-19 00:00:00",,
"2005-11-20 00:00:00",,
"2005-11-21 00:00:00",,
"2005-11-22 00:00:00",,
"2005-11-23 00:00:00",,
"2005-11-24 00:00:00",,
"2005-11-25 00:00:00",,
"2005-11-26 00:00:00",,
"2005-11-27 00:00:00",,
"2005-11-28 00:00:00",,
"2005-11-29 00:00:00",,
"2005-11-30 00:00:00",,
"2005-12-01 00:00:00",,
"2005-12-02 00:00:00",,
"2005-12-03 00:00:00",,
"2005-12-04 00:00:00",,
"2005-12-05 00:00:00",,
"2005-12-06 00:00:00",,
"2005-12-07 00:00:00",,
"2005-12-08 00:00:00",,
"2005-12-09 00:00:00",,
"2005-12-10 00:00:00",15,
"2005-12-11 00:00:00",,
"2005-12-12 00:00:00",,
"2005-12-13 00:00:00",,
"2005-12-14 00:00:00",,
"2005-12-15 00:00:00",,
"2005-12-16 00:00:00",,
"2005-12-17 00:00:00",,
"2005-12-18 00:00:00",12,
"2005-12-19 00:00:00",,
"2005-12-20 00:00:00",,
"2005-12-21 00:00:00",,
"2005-12-22 00:00:00",,
"2005-12-23 00:00:00",,
"2005-12-24 00:00:00",,
"2005-12-25 00:00:00",,
"2005-12-26 00:00:00",,
"2005-12-27 00:00:00",,
"2005-12-28 00:00:00",,
"2005-12-29 00:00:00",,
"2005-12-30 00:00:00",,
"2005-12-31 00:00:00",,
"2006-01-01 00:00:00",,
"2006-01-02 00:00:00",,
"2006-01-03 00:00:00",,
"2006-01-04 00:00:00",,
"2006-01-05 00:00:00",,
"2006-01-06 00:00:00",,
"2006-01-07 00:00:00",,
"2006-01-08 00:00:00",,
"2006-01-09 00:00:00",,
"2006-01-10 00:00:00",,
"2006-01-11 00:00:00",,
"2006-01-12 00:00:00",,
"2006-01-13 00:00:00",,
"2006-01-14 00:00:00",,
"2006-01-15 00:00:00",,
"2006-01-16 00:00:00",,
"2006-01-17 00:00:00",,
"2006-01-18 00:00:00",,
"2006-01-19 00:00:00",,
"2006-01-20 00:00:00",,
"2006-01-21 00:00:00",,
"2006-01-22 00:00:00",,
"2006-01-23 00:00:00",,
"2006-01-24 00:00:00",,
"2006-01-25 00:00:00",,
"2006-01-26 00:00:00",,
"2006-01-27 00:00:00",,
"2006-01-28 00:00:00",,
"2006-01-29 00:00:00",,
"2006-01-30 00:00:00",,
"2006-01-31 00:00:00",,
"2006-02-01 00:00:00",,
"2006-02-02 00:00:00",,
"2006-02-03 00:00:00",,
"2006-02-04 00:00:00",,
"2006-02-05 00:00:00",,
"2006-02-06 00:00:00",,
"2006-02-07 00:00:00",,
"2006-02-08 00:00:00",,
"2006-02-09 00:00:00",,
"2006-02-10 00:00:00",,
"2006-02-11 00:00:00",,
"2006-02-12 00:00:00",,
"2006-02-13 00:00:00",,
"2006-02-14 00:00:00",,
"2006-02-15 00:00:00",,
"2006-02-16 00:00:00",,
"2006-02-17 00:00:00",,
"2006-02-18 00:00:00",,
"2006-02-19 00:00:00",,
"2006-02-20 00:00:00",,
"2006-02-21 00:00:00",,
"2006-02-22 00:00:00",,
"2006-02-23 00:00:00",,
"2006-02-24 00:00:00",,
"2006-02-25 00:00:00",,
"2006-02-26 00:00:00",,
"2006-02-27 00:00:00",,
"2006-02-28 00:00:00",,
"2006-03-01 00:00:00",,
"2006-03-02 00:00:00",,
"2006-03-03 00:00:00",,
"2006-03-04 00:00:00",,
"2006-03-05 00:00:00",,
"2006-03-06 00:00:00",,
"2006-03-07 00:00:00",,
"2006-03-08 00:00:00",,
"2006-03-09 00:00:00",,
"2006-03-10 00:00:00",,
"2006-03-11 00:00:00",,
"2006-03-12 00:00:00",,
"2006-03-13 00:00:00",,
"2006-03-14 00:00:00",,
"2006-03-15 00:00:00",,
"2006-03-16 00:00:00",,
"2006-03-17 00:00:00",,
"2006-03-18 00:00:00",,
"2006-03-19 00:00:00",,
"2006-03-20 00:00:00",,
"2006-03-21 00:00:00",,
"2006-03-22 00:00:00",,
"2006-03-23 00:00:00",,
"2006-03-24 00:00:00",,
"2006-03-25 00:00:00",,
"2006-03-26 00:00:00",,
"2006-03-27 00:00:00",,
"2006-03-28 00:00:00",,
"2006-03-29 00:00:00",,
"2006-03-30 00:00:00",,
"2006-03-31 00:00:00",,
"2006-04-01 00:00:00",,
"2006-04-02 00:00:00",,
"2006-04-03 00:00:00",,
"2006-04-04 00:00:00",,
"2006-04-05 00:00:00",,
"2006-04-06 00:00:00",,
"2006-04-07 00:00:00",,
"2006-04-08 00:00:00",,
"2006-04-09 00:00:00",,
"2006-04-10 00:00:00",,
"2006-04-11 00:00:00",,
"2006-04-12 00:00:00",,
"2006-04-13 00:00:00",,
"2006-04-14 00:00:00",,
"2006-04-15 00:00:00",,
"2006-04-16 00:00:00",,
"2006-04-17 00:00:00",,
"2006-04-18 00:00:00",,
"2006-04-19 00:00:00",,
"2006-04-20 00:00:00",,
"2006-04-21 00:00:00",,
"2006-04-22 00:00:00",,
"2006-04-23 00:00:00",,
"2006-04-24 00:00:00",,
"2006-04-25 00:00:00",,
"2006-04-26 00:00:00",,
"2006-04-27 00:00:00",,
"2006-04-28 00:00:00",,
"2006-04-29 00:00:00",,
"2006-04-30 00:00:00",,
"2006-05-01 00:00:00",,
"2006-05-02 00:00:00",,
"2006-05-03 00:00:00",,
"2006-05-04 00:00:00",,
"2006-05-05 00:00:00",,
"2006-05-06 00:00:00",,
"2006-05-07 00:00:00",,
"2006-05-08 00:00:00",,
"2006-05-09 00:00:00",,
"2006-05-10 00:00:00",,
"2006-05-11 00:00:00",,
"2006-05-12 00:00:00",,
"2006-05-13 00:00:00",,
"2006-05-14 00:00:00",,
"2006-05-15 00:00:00",,
"2006-05-16 00:00:00",,
"2006-05-17 00:00:00",,
"2006-05-18 00:00:00",,
"2006-05-19 00:00:00",,
"2006-05-20 00:00:00",,
"2006-05-21 00:00:00",,
"2006-05-22 00:00:00",,
"2006-05-23 00:00:00",,
"2006-05-24 00:00:00",,
"2006-05-25 00:00:00",,
"2006-05-26 00:00:00",,
"2006-05-27 00:00:00",,
"2006-05-28 00:00:00",,
"2006-05-29 00:00:00",,
"2006-05-30 00:00:00",,
"2006-05-31 00:00:00",,
"2006-06-01 00:00:00",,
"2006-06-02 00:00:00",,
"2006-06-03 00:00:00",,
"2006-06-04 00:00:00",,
"2006-06-05 00:00:00",,
"2006-06-06 00:00:00",,
"2006-06-07 00:00:00",,
"2006-06-08 00:00:00",,
"2006-06-09 00:00:00",,
"2006-06-10 00:00:00",,
"2006-06-11 00:00:00",,
"2006-06-12 00:00:00",,
"2006-06-13 00:00:00",,
"2006-06-14 00:00:00",,
"2006-06-15 00:00:00",,
"2006-06-16 00:00:00",,
"2006-06-17 00:00:00",,
"2006-06-18 00:00:00",,
"2006-06-19 00:00:00",,
"2006-06-20 00:00:00",,
"2006-06-21 00:00:00",,
"2006-06-22 00:00:00",,
"2006-06-23 00:00:00",,
"2006-06-24 00:00:00",,
"2006-06-25 00:00:00",,
"2006-06-26 00:00:00",,
"2006-06-27 00:00:00",,
"2006-06-28 00:00:00",,
"2006-06-29 00:00:00",,
"2006-06-30 00:00:00",,
"2006-07-01 00:00:00",,
"2006-07-02 00:00:00",,
"2006-07-03 00:00:00",,
"2006-07-04 00:00:00",,
"2006-07-05 00:00:00",,
"2006-07-06 00:00:00",,
"2006-07-07 00:00:00",,
"2006-07-08 00:00:00",,
"2006-07-09 00:00:00",,
"2006-07-10 00:00:00",,
"2006-07-11 00:00:00",,
"2006-07-12 00:00:00",,
"2006-07-13 00:00:00",,
"2006-07-14 00:00:00",,
"2006-07-15 00:00:00",,
"2006-07-16 00:00:00",,
"2006-07-17 00:00:00",,
"2006-07-18 00:00:00",,
"2006-07-19 00:00:00",,
"2006-07-20 00:00:00",,
"2006-07-21 00:00:00",,
"2006-07-22 00:00:00",,
"2006-07-23 00:00:00",,
"2006-07-24 00:00:00",,
"2006-07-25 00:00:00",,
"2006-07-26 00:00:00",,
"2006-07-27 00:00:00",,
"2006-07-28 00:00:00",,
"2006-07-29 00:00:00",,
"2006-07-30 00:00:00",,
"2006-07-31 00:00:00",,
"2006-08-01 00:00:00",,
"2006-08-02 00:00:00",,
"2006-08-03 00:00:00",,
"2006-08-04 00:00:00",,
"2006-08-05 00:00:00",,
"2006-08-06 00:00:00",,
"2006-08-07 00:00:00",,
"2006-08-08 00:00:00",,
"2006-08-09 00:00:00",,
"2006-08-10 00:00:00",,
"2006-08-11 00:00:00",,
"2006-08-12 00:00:00",,
"2006-08-13 00:00:00",,
"2006-08-14 00:00:00",,
"2006-08-15 00:00:00",,
"2006-08-16 00:00:00",,
"2006-08-17 00:00:00",,
"2006-08-18 00:00:00",,
"2006-08-19 00:00:00",,
"2006-08-20 00:00:00",,
"2006-08-21 00:00:00",,
"2006-08-22 00:00:00",,
"2006-08-23 00:00:00",,
"2006-08-24 00:00:00",,
"2006-08-25 00:00:00",,
"2006-08-26 00:00:00",,
"2006-08-27 00:00:00",,
"2006-08-28 00:00:00",,
"2006-08-29 00:00:00",,
"2006-08-30 00:00:00",,
"2006-08-31 00:00:00",,
"2006-09-01 00:00:00",,
"2006-09-02 00:00:00",,
"2006-09-03 00:00:00",,
"2006-09-04 00:00:00",,
"2006-09-05 00:00:00",,
"2006-09-06 00:00:00",,
"2006-09-07 00:00:00",,
"2006-09-08 00:00:00",,
"2006-09-09 00:00:00",,
"2006-09-10 00:00:00",,
"2006-09-11 00:00:00",,
"2006-09-12 00:00:00",,
"2006-09-13 00:00:00",,
"2006-09-14 00:00:00",,
"2006-09-15 00:00:00",,
"2006-09-16 00:00:00",,
"2006-09-17 00:00:00",,
"2006-09-18 00:00:00",,
"2006-09-19 00:00:00",,
"2006-09-20 00:00:00",,
"2006-09-21 00:00:00",,
"2006-09-22 00:00:00",,
"2006-09-23 00:00:00",,
"2006-09-24 00:00:00",,
"2006-09-25 00:00:00",,
"2006-09-26 00:00:00",,
"2006-09-27 00:00:00",,
"2006-09-28 00:00:00",,
"2006-09-29 00:00:00",,
"2006-09-30 00:00:00",,
"2006-10-01 00:00:00",,
"2006-10-02 00:00:00",,
"2006-10-03 00:00:00",,
"2006-10-04 00:00:00",,
"2006-10-05 00:00:00",,
"2006-10-06 00:00:00",,
"2006-10-07 00:00:00",,
"2006-10-08 00:00:00",,
"2006-10-09 00:00:00",,
"2006-10-10 00:00:00",,
"2006-10-11 00:00:00",,
"2006-10-12 00:00:00",,
"2006-10-13 00:00:00",,
"2006-10-14 00:00:00",,
"2006-10-15 00:00:00",,
"2006-10-16 00:00:00",,
"2006-10-17 00:00:00",,
"2006-10-18 00:00:00",,
"2006-10-19 00:00:00",,
"2006-10-20 00:00:00",,
"2006-10-21 00:00:00",,
"2006-10-22 00:00:00",,
"2006-10-23 00:00:00",,
"2006-10-24 00:00:00",,
"2006-10-25 00:00:00",,
"2006-10-26 00:00:00",,
"2006-10-27 00:00:00",,
"2006-10-28 00:00:00",,
"2006-10-29 00:00:00",,
"2006-10-30 00:00:00",,
"2006-10-31 00:00:00",,
"2006-11-01 00:00:00",,
"2006-11-02 00:00:00",,
"2006-11-03 00:00:00",,
"2006-11-04 00:00:00",,
"2006-11-05 00:00:00",,
"2006-11-06 00:00:00",,
"2006-11-07 00:00:00",,
"2006-11-08 00:00:00",,
"2006-11-09 00:00:00",,
"2006-11-10 00:00:00",,
"2006-11-11 00:00:00",,
"2006-11-12 00:00:00",,
"2006-11-13 00:00:00",,
"2006-11-14 00:00:00",,
"2006-11-15 00:00:00",,
"2006-11-16 00:00:00",,
"2006-11-17 00:00:00",,
"2006-11-18 00:00:00",,
"2006-11-19 00:00:00",,
"2006-11-20 00:00:00",,
"2006-11-21 00:00:00",,
"2006-11-22 00:00:00",,
"2006-11-23 00:00:00",,
"2006-11-24 00:00:00",,
"2006-11-25 00:00:00",,
"2006-11-26 00:00:00",,
"2006-11-27 00:00:00",,
"2006-11-28 00:00:00",,
"2006-11-29 00:00:00",,
"2006-11-30 00:00:00",,
"2006-12-01 00:00:00",,
"2006-12-02 00:00:00",,
"2006-12-03 00:00:00",,
"2006-12-04 00:00:00",,
"2006-12-05 00:00:00",,
"2006-12-06 00:00:00",796,
"2006-12-07 00:00:00",,
"2006-12-08 00:00:00",,
"2006-12-09 00:00:00",,
"2006-12-10 00:00:00",,
"2006-12-11 00:00:00",,
"2006-12-12 00:00:00",,
"2006-12-13 00:00:00",,
"2006-12-14 00:00:00",,
"2006-12-15 00:00:00",,
"2006-12-16 00:00:00",,
"2006-12-17 00:00:00",,
"2006-12-18 00:00:00",807,
"2006-12-19 00:00:00",,
"2006-12-20 00:00:00",,
"2006-12-21 00:00:00",,
"2006-12-22 00:00:00",,
"2006-12-23 00:00:00",,
"2006-12-24 00:00:00",,
"2006-12-25 00:00:00",658,
"2006-12-26 00:00:00",,
"2006-12-27 00:00:00",,
"2006-12-28 00:00:00",,
"2006-12-29 00:00:00",,
"2006-12-30 00:00:00",,
"2006-12-31 00:00:00",,
"2007-01-01 00:00:00",,
"2007-01-02 00:00:00",,
"2007-01-03 00:00:00",,
"2007-01-04 00:00:00",,
"2007-01-05 00:00:00",276,
"2007-01-06 00:00:00",,
"2007-01-07 00:00:00",,
"2007-01-08 00:00:00",,
"2007-01-09 00:00:00",,
"2007-01-10 00:00:00",,
"2007-01-11 00:00:00",,
"2007-01-12 00:00:00",,
"2007-01-13 00:00:00",,
"2007-01-14 00:00:00",,
"2007-01-15 00:00:00",1046,
"2007-01-16 00:00:00",,
"2007-01-17 00:00:00",,
"2007-01-18 00:00:00",,
"2007-01-19 00:00:00",844,
"2007-01-20 00:00:00",,
"2007-01-21 00:00:00",,
"2007-01-22 00:00:00",,
"2007-01-23 00:00:00",,
"2007-01-24 00:00:00",,
"2007-01-25 00:00:00",224,
"2007-01-26 00:00:00",,
"2007-01-27 00:00:00",,
"2007-01-28 00:00:00",,
"2007-01-29 00:00:00",,
"2007-01-30 00:00:00",,
"2007-01-31 00:00:00",,
"2007-02-01 00:00:00",,
"2007-02-02 00:00:00",,
"2007-02-03 00:00:00",,
"2007-02-04 00:00:00",,
"2007-02-05 00:00:00",,
"2007-02-06 00:00:00",928,
"2007-02-07 00:00:00",,
"2007-02-08 00:00:00",,
"2007-02-09 00:00:00",,
"2007-02-10 00:00:00",1277,
"2007-02-11 00:00:00",,
"2007-02-12 00:00:00",,
"2007-02-13 00:00:00",,
"2007-02-14 00:00:00",,
"2007-02-15 00:00:00",,
"2007-02-16 00:00:00",,
"2007-02-17 00:00:00",,
"2007-02-18 00:00:00",1239,
"2007-02-19 00:00:00",,
"2007-02-20 00:00:00",,
"2007-02-21 00:00:00",,
"2007-02-22 00:00:00",,
"2007-02-23 00:00:00",,
"2007-02-24 00:00:00",,
"2007-02-25 00:00:00",,
"2007-02-26 00:00:00",,
"2007-02-27 00:00:00",320,
"2007-02-28 00:00:00",,
"2007-03-01 00:00:00",,
"2007-03-02 00:00:00",,
"2007-03-03 00:00:00",,
"2007-03-04 00:00:00",,
"2007-03-05 00:00:00",,
"2007-03-06 00:00:00",,
"2007-03-07 00:00:00",,
"2007-03-08 00:00:00",672,
"2007-03-09 00:00:00",,
"2007-03-10 00:00:00",,
"2007-03-11 00:00:00",,
"2007-03-12 00:00:00",,
"2007-03-13 00:00:00",,
"2007-03-14 00:00:00",,
"2007-03-15 00:00:00",,
"2007-03-16 00:00:00",672,
"2007-03-17 00:00:00",,
"2007-03-18 00:00:00",,
"2007-03-19 00:00:00",,
"2007-03-20 00:00:00",,
"2007-03-21 00:00:00",,
"2007-03-22 00:00:00",,
"2007-03-23 00:00:00",,
"2007-03-24 00:00:00",902,
"2007-03-25 00:00:00",,
"2007-03-26 00:00:00",,
"2007-03-27 00:00:00",,
"2007-03-28 00:00:00",,
"2007-03-29 00:00:00",,
"2007-03-30 00:00:00",,
"2007-03-31 00:00:00",,
"2007-04-01 00:00:00",,
"2007-04-02 00:00:00",,
"2007-04-03 00:00:00",,
"2007-04-04 00:00:00",,
"2007-04-05 00:00:00",,
"2007-04-06 00:00:00",,
"2007-04-07 00:00:00",,
"2007-04-08 00:00:00",,
"2007-04-09 00:00:00",,
"2007-04-10 00:00:00",,
"2007-04-11 00:00:00",,
"2007-04-12 00:00:00",,
"2007-04-13 00:00:00",,
"2007-04-14 00:00:00",,
"2007-04-15 00:00:00",,
"2007-04-16 00:00:00",,
"2007-04-17 00:00:00",,
"2007-04-18 00:00:00",,
"2007-04-19 00:00:00",,
"2007-04-20 00:00:00",,
"2007-04-21 00:00:00",,
"2007-04-22 00:00:00",,
"2007-04-23 00:00:00",,
"2007-04-24 00:00:00",,
"2007-04-25 00:00:00",,
"2007-04-26 00:00:00",,
"2007-04-27 00:00:00",,
"2007-04-28 00:00:00",,
"2007-04-29 00:00:00",,
"2007-04-30 00:00:00",1313,
"2007-05-01 00:00:00",,
"2007-05-02 00:00:00",,
"2007-05-03 00:00:00",,
"2007-05-04 00:00:00",,
"2007-05-05 00:00:00",,
"2007-05-06 00:00:00",,
"2007-05-07 00:00:00",,
"2007-05-08 00:00:00",,
"2007-05-09 00:00:00",,
"2007-05-10 00:00:00",,
"2007-05-11 00:00:00",,
"2007-05-12 00:00:00",,
"2007-05-13 00:00:00",,
"2007-05-14 00:00:00",,
"2007-05-15 00:00:00",,
"2007-05-16 00:00:00",,
"2007-05-17 00:00:00",550,
"2007-05-18 00:00:00",,
"2007-05-19 00:00:00",977,
"2007-05-20 00:00:00",,
"2007-05-21 00:00:00",,
"2007-05-22 00:00:00",,
"2007-05-23 00:00:00",,
"2007-05-24 00:00:00",,
"2007-05-25 00:00:00",,
"2007-05-26 00:00:00",,
"2007-05-27 00:00:00",,
"2007-05-28 00:00:00",,
"2007-05-29 00:00:00",,
"2007-05-30 00:00:00",,
"2007-05-31 00:00:00",,
"2007-06-01 00:00:00",,
"2007-06-02 00:00:00",1784,
"2007-06-03 00:00:00",16,
"2007-06-04 00:00:00",,
"2007-06-05 00:00:00",,
"2007-06-06 00:00:00",,
"2007-06-07 00:00:00",,
"2007-06-08 00:00:00",,
"2007-06-09 00:00:00",,
"2007-06-10 00:00:00",,
"2007-06-11 00:00:00",,
"2007-06-12 00:00:00",,
"2007-06-13 00:00:00",,
"2007-06-14 00:00:00",,
"2007-06-15 00:00:00",,
"2007-06-16 00:00:00",,
"2007-06-17 00:00:00",,
"2007-06-18 00:00:00",,
"2007-06-19 00:00:00",,
"2007-06-20 00:00:00",,
"2007-06-21 00:00:00",,
"2007-06-22 00:00:00",,
"2007-06-23 00:00:00",,
"2007-06-24 00:00:00",759,
"2007-06-25 00:00:00",,
"2007-06-26 00:00:00",,
"2007-06-27 00:00:00",,
"2007-06-28 00:00:00",,
"2007-06-29 00:00:00",,
"2007-06-30 00:00:00",,
"2007-07-01 00:00:00",1833,
"2007-07-02 00:00:00",,
"2007-07-03 00:00:00",,
"2007-07-04 00:00:00",1729,
"2007-07-05 00:00:00",,
"2007-07-06 00:00:00",,
"2007-07-07 00:00:00",,
"2007-07-08 00:00:00",,
"2007-07-09 00:00:00",,
"2007-07-10 00:00:00",,
"2007-07-11 00:00:00",,
"2007-07-12 00:00:00",,
"2007-07-13 00:00:00",,
"2007-07-14 00:00:00",,
"2007-07-15 00:00:00",,
"2007-07-16 00:00:00",,
"2007-07-17 00:00:00",,
"2007-07-18 00:00:00",,
"2007-07-19 00:00:00",,
"2007-07-20 00:00:00",,
"2007-07-21 00:00:00",,
"2007-07-22 00:00:00",,
"2007-07-23 00:00:00",,
"2007-07-24 00:00:00",,
"2007-07-25 00:00:00",,
"2007-07-26 00:00:00",,
"2007-07-27 00:00:00",,
"2007-07-28 00:00:00",,
"2007-07-29 00:00:00",,
"2007-07-30 00:00:00",,
"2007-07-31 00:00:00",,
"2007-08-01 00:00:00",,
"2007-08-02 00:00:00",,
"2007-08-03 00:00:00",,
"2007-08-04 00:00:00",,
"2007-08-05 00:00:00",,
"2007-08-06 00:00:00",,
"2007-08-07 00:00:00",,
"2007-08-08 00:00:00",944,
"2007-08-09 00:00:00",1538,
"2007-08-10 00:00:00",,
"2007-08-11 00:00:00",1396,
"2007-08-12 00:00:00",2116,
"2007-08-13 00:00:00",,
"2007-08-14 00:00:00",,
"2007-08-15 00:00:00",,
"2007-08-16 00:00:00",,
"2007-08-17 00:00:00",,
"2007-08-18 00:00:00",1652,
"2007-08-19 00:00:00",2104,
"2007-08-20 00:00:00",1930,
"2007-08-21 00:00:00",,
"2007-08-22 00:00:00",,
"2007-08-23 00:00:00",,
"2007-08-24 00:00:00",,
"2007-08-25 00:00:00",2419,
"2007-08-26 00:00:00",,
"2007-08-27 00:00:00",,
"2007-08-28 00:00:00",,
"2007-08-29 00:00:00",,
"2007-08-30 00:00:00",,
"2007-08-31 00:00:00",,
"2007-09-01 00:00:00",,
"2007-09-02 00:00:00",,
"2007-09-03 00:00:00",,
"2007-09-04 00:00:00",,
"2007-09-05 00:00:00",,
"2007-09-06 00:00:00",,
"2007-09-07 00:00:00",,
"2007-09-08 00:00:00",,
"2007-09-09 00:00:00",,
"2007-09-10 00:00:00",1610,
"2007-09-11 00:00:00",1296,
"2007-09-12 00:00:00",1291,
"2007-09-13 00:00:00",585,
"2007-09-14 00:00:00",475,
"2007-09-15 00:00:00",1794,
"2007-09-16 00:00:00",1837,
"2007-09-17 00:00:00",,
"2007-09-18 00:00:00",1044,
"2007-09-19 00:00:00",1059,
"2007-09-20 00:00:00",,
"2007-09-21 00:00:00",364,
"2007-09-22 00:00:00",781,
"2007-09-23 00:00:00",,
"2007-09-24 00:00:00",,
"2007-09-25 00:00:00",1169,
"2007-09-26 00:00:00",,
"2007-09-27 00:00:00",,
"2007-09-28 00:00:00",1495,
"2007-09-29 00:00:00",1300,
"2007-09-30 00:00:00",2199,
"2007-10-01 00:00:00",1206,
"2007-10-02 00:00:00",1176,
"2007-10-03 00:00:00",1208,
"2007-10-04 00:00:00",1241,
"2007-10-05 00:00:00",1259,
"2007-10-06 00:00:00",1552,
"2007-10-07 00:00:00",1552,
"2007-10-08 00:00:00",1030,
"2007-10-09 00:00:00",1349,
"2007-10-10 00:00:00",512,
"2007-10-11 00:00:00",915,
"2007-10-12 00:00:00",,
"2007-10-13 00:00:00",,
"2007-10-14 00:00:00",,
"2007-10-15 00:00:00",1052,
"2007-10-16 00:00:00",1097,
"2007-10-17 00:00:00",,
"2007-10-18 00:00:00",,
"2007-10-19 00:00:00",,
"2007-10-20 00:00:00",2370,
"2007-10-21 00:00:00",,
"2007-10-22 00:00:00",,
"2007-10-23 00:00:00",,
"2007-10-24 00:00:00",,
"2007-10-25 00:00:00",,
"2007-10-26 00:00:00",,
"2007-10-27 00:00:00",,
"2007-10-28 00:00:00",,
"2007-10-29 00:00:00",,
"2007-10-30 00:00:00",,
"2007-10-31 00:00:00",,
"2007-11-01 00:00:00",,
"2007-11-02 00:00:00",,
"2007-11-03 00:00:00",,
"2007-11-04 00:00:00",,
"2007-11-05 00:00:00",,
"2007-11-06 00:00:00",,
"2007-11-07 00:00:00",,
"2007-11-08 00:00:00",,
"2007-11-09 00:00:00",,
"2007-11-10 00:00:00",,
"2007-11-11 00:00:00",,
"2007-11-12 00:00:00",,
"2007-11-13 00:00:00",,
"2007-11-14 00:00:00",,
"2007-11-15 00:00:00",,
"2007-11-16 00:00:00",,
"2007-11-17 00:00:00",,
"2007-11-18 00:00:00",,
"2007-11-19 00:00:00",,
"2007-11-20 00:00:00",,
"2007-11-21 00:00:00",,
"2007-11-22 00:00:00",,
"2007-11-23 00:00:00",,
"2007-11-24 00:00:00",,
"2007-11-25 00:00:00",,
"2007-11-26 00:00:00",,
"2007-11-27 00:00:00",,
"2007-11-28 00:00:00",,
"2007-11-29 00:00:00",,
"2007-11-30 00:00:00",,
"2007-12-01 00:00:00",1179,
"2007-12-02 00:00:00",,
"2007-12-03 00:00:00",,
"2007-12-04 00:00:00",,
"2007-12-05 00:00:00",1249,
"2007-12-06 00:00:00",,
"2007-12-07 00:00:00",,
"2007-12-08 00:00:00",,
"2007-12-09 00:00:00",,
"2007-12-10 00:00:00",298,
"2007-12-11 00:00:00",,
"2007-12-12 00:00:00",,
"2007-12-13 00:00:00",,
"2007-12-14 00:00:00",373,
"2007-12-15 00:00:00",,
"2007-12-16 00:00:00",,
"2007-12-17 00:00:00",1248,
"2007-12-18 00:00:00",,
"2007-12-19 00:00:00",,
"2007-12-20 00:00:00",,
"2007-12-21 00:00:00",1157,
"2007-12-22 00:00:00",,
"2007-12-23 00:00:00",,
"2007-12-24 00:00:00",,
"2007-12-25 00:00:00",526,
"2007-12-26 00:00:00",,
"2007-12-27 00:00:00",,
"2007-12-28 00:00:00",,
"2007-12-29 00:00:00",1945,
"2007-12-30 00:00:00",,
"2007-12-31 00:00:00",,
"2008-01-01 00:00:00",,
"2008-01-02 00:00:00",2218,
"2008-01-03 00:00:00",,
"2008-01-04 00:00:00",,
"2008-01-05 00:00:00",2498,
"2008-01-06 00:00:00",,
"2008-01-07 00:00:00",,
"2008-01-08 00:00:00",,
"2008-01-09 00:00:00",1440,
"2008-01-10 00:00:00",,
"2008-01-11 00:00:00",,
"2008-01-12 00:00:00",,
"2008-01-13 00:00:00",,
"2008-01-14 00:00:00",2301,
"2008-01-15 00:00:00",,
"2008-01-16 00:00:00",,
"2008-01-17 00:00:00",,
"2008-01-18 00:00:00",1185,
"2008-01-19 00:00:00",,
"2008-01-20 00:00:00",,
"2008-01-21 00:00:00",,
"2008-01-22 00:00:00",1324,
"2008-01-23 00:00:00",,
"2008-01-24 00:00:00",,
"2008-01-25 00:00:00",,
"2008-01-26 00:00:00",,
"2008-01-27 00:00:00",,
"2008-01-28 00:00:00",,
"2008-01-29 00:00:00",1213,
"2008-01-30 00:00:00",,
"2008-01-31 00:00:00",,
"2008-02-01 00:00:00",,
"2008-02-02 00:00:00",872,
"2008-02-03 00:00:00",,
"2008-02-04 00:00:00",,
"2008-02-05 00:00:00",,
"2008-02-06 00:00:00",1412,
"2008-02-07 00:00:00",,
"2008-02-08 00:00:00",,
"2008-02-09 00:00:00",,
"2008-02-10 00:00:00",,
"2008-02-11 00:00:00",481,
"2008-02-12 00:00:00",,
"2008-02-13 00:00:00",,
"2008-02-14 00:00:00",,
"2008-02-15 00:00:00",1976,
"2008-02-16 00:00:00",,
"2008-02-17 00:00:00",,
"2008-02-18 00:00:00",,
"2008-02-19 00:00:00",,
"2008-02-20 00:00:00",500,
"2008-02-21 00:00:00",,
"2008-02-22 00:00:00",,
"2008-02-23 00:00:00",,
"2008-02-24 00:00:00",,
"2008-02-25 00:00:00",686,
"2008-02-26 00:00:00",,
"2008-02-27 00:00:00",,
"2008-02-28 00:00:00",,
"2008-02-29 00:00:00",,
"2008-03-01 00:00:00",,
"2008-03-02 00:00:00",2114,
"2008-03-03 00:00:00",,
"2008-03-04 00:00:00",,
"2008-03-05 00:00:00",,
"2008-03-06 00:00:00",,
"2008-03-07 00:00:00",,
"2008-03-08 00:00:00",1523,
"2008-03-09 00:00:00",,
"2008-03-10 00:00:00",,
"2008-03-11 00:00:00",,
"2008-03-12 00:00:00",1438,
"2008-03-13 00:00:00",,
"2008-03-14 00:00:00",,
"2008-03-15 00:00:00",,
"2008-03-16 00:00:00",,
"2008-03-17 00:00:00",,
"2008-03-18 00:00:00",1271,
"2008-03-19 00:00:00",,
"2008-03-20 00:00:00",,
"2008-03-21 00:00:00",,
"2008-03-22 00:00:00",2114,
"2008-03-23 00:00:00",,
"2008-03-24 00:00:00",,
"2008-03-25 00:00:00",1839,
"2008-03-26 00:00:00",,
"2008-03-27 00:00:00",,
"2008-03-28 00:00:00",,
"2008-03-29 00:00:00",,
"2008-03-30 00:00:00",2186,
"2008-03-31 00:00:00",,
"2008-04-01 00:00:00",,
"2008-04-02 00:00:00",,
"2008-04-03 00:00:00",,
"2008-04-04 00:00:00",677,
"2008-04-05 00:00:00",,
"2008-04-06 00:00:00",,
"2008-04-07 00:00:00",,
"2008-04-08 00:00:00",573,
"2008-04-09 00:00:00",,
"2008-04-10 00:00:00",,
"2008-04-11 00:00:00",1604,
"2008-04-12 00:00:00",,
"2008-04-13 00:00:00",,
"2008-04-14 00:00:00",1817,
"2008-04-15 00:00:00",,
"2008-04-16 00:00:00",,
"2008-04-17 00:00:00",,
"2008-04-18 00:00:00",,
"2008-04-19 00:00:00",,
"2008-04-20 00:00:00",,
"2008-04-21 00:00:00",,
"2008-04-22 00:00:00",634,
"2008-04-23 00:00:00",,
"2008-04-24 00:00:00",,
"2008-04-25 00:00:00",,
"2008-04-26 00:00:00",,
"2008-04-27 00:00:00",,
"2008-04-28 00:00:00",,
"2008-04-29 00:00:00",,
"2008-04-30 00:00:00",1448,
"2008-05-01 00:00:00",,
"2008-05-02 00:00:00",,
"2008-05-03 00:00:00",,
"2008-05-04 00:00:00",,
"2008-05-05 00:00:00",,
"2008-05-06 00:00:00",322,
"2008-05-07 00:00:00",,
"2008-05-08 00:00:00",,
"2008-05-09 00:00:00",,
"2008-05-10 00:00:00",,
"2008-05-11 00:00:00",,
"2008-05-12 00:00:00",,
"2008-05-13 00:00:00",,
"2008-05-14 00:00:00",,
"2008-05-15 00:00:00",,
"2008-05-16 00:00:00",,
"2008-05-17 00:00:00",,
"2008-05-18 00:00:00",,
"2008-05-19 00:00:00",,
"2008-05-20 00:00:00",,
"2008-05-21 00:00:00",,
"2008-05-22 00:00:00",,
"2008-05-23 00:00:00",1441,
"2008-05-24 00:00:00",,
"2008-05-25 00:00:00",,
"2008-05-26 00:00:00",,
"2008-05-27 00:00:00",,
"2008-05-28 00:00:00",,
"2008-05-29 00:00:00",,
"2008-05-30 00:00:00",1779,
"2008-05-31 00:00:00",,
"2008-06-01 00:00:00",,
"2008-06-02 00:00:00",,
"2008-06-03 00:00:00",,
"2008-06-04 00:00:00",,
"2008-06-05 00:00:00",,
"2008-06-06 00:00:00",2068,
"2008-06-07 00:00:00",,
"2008-06-08 00:00:00",,
"2008-06-09 00:00:00",,
"2008-06-10 00:00:00",,
"2008-06-11 00:00:00",910,
"2008-06-12 00:00:00",,
"2008-06-13 00:00:00",,
"2008-06-14 00:00:00",,
"2008-06-15 00:00:00",,
"2008-06-16 00:00:00",,
"2008-06-17 00:00:00",1785,
"2008-06-18 00:00:00",,
"2008-06-19 00:00:00",,
"2008-06-20 00:00:00",,
"2008-06-21 00:00:00",,
"2008-06-22 00:00:00",,
"2008-06-23 00:00:00",,
"2008-06-24 00:00:00",,
"2008-06-25 00:00:00",,
"2008-06-26 00:00:00",,
"2008-06-27 00:00:00",,
"2008-06-28 00:00:00",,
"2008-06-29 00:00:00",,
"2008-06-30 00:00:00",,
"2008-07-01 00:00:00",,
"2008-07-02 00:00:00",,
"2008-07-03 00:00:00",,
"2008-07-04 00:00:00",,
"2008-07-05 00:00:00",,
"2008-07-06 00:00:00",,
"2008-07-07 00:00:00",,
"2008-07-08 00:00:00",,
"2008-07-09 00:00:00",,
"2008-07-10 00:00:00",,
"2008-07-11 00:00:00",,
"2008-07-12 00:00:00",,
"2008-07-13 00:00:00",,
"2008-07-14 00:00:00",,
"2008-07-15 00:00:00",,
"2008-07-16 00:00:00",,
"2008-07-17 00:00:00",,
"2008-07-18 00:00:00",,
"2008-07-19 00:00:00",,
"2008-07-20 00:00:00",,
"2008-07-21 00:00:00",,
"2008-07-22 00:00:00",,
"2008-07-23 00:00:00",,
"2008-07-24 00:00:00",,
"2008-07-25 00:00:00",,
"2008-07-26 00:00:00",,
"2008-07-27 00:00:00",,
"2008-07-28 00:00:00",,
"2008-07-29 00:00:00",,
"2008-07-30 00:00:00",,
"2008-07-31 00:00:00",,
"2008-08-01 00:00:00",,
"2008-08-02 00:00:00",,
"2008-08-03 00:00:00",,
"2008-08-04 00:00:00",,
"2008-08-05 00:00:00",,
"2008-08-06 00:00:00",,
"2008-08-07 00:00:00",,
"2008-08-08 00:00:00",,
"2008-08-09 00:00:00",,
"2008-08-10 00:00:00",,
"2008-08-11 00:00:00",,
"2008-08-12 00:00:00",,
"2008-08-13 00:00:00",,
"2008-08-14 00:00:00",,
"2008-08-15 00:00:00",,
"2008-08-16 00:00:00",,
"2008-08-17 00:00:00",,
"2008-08-18 00:00:00",,
"2008-08-19 00:00:00",,
"2008-08-20 00:00:00",,
"2008-08-21 00:00:00",,
"2008-08-22 00:00:00",,
"2008-08-23 00:00:00",,
"2008-08-24 00:00:00",,
"2008-08-25 00:00:00",,
"2008-08-26 00:00:00",,
"2008-08-27 00:00:00",,
"2008-08-28 00:00:00",,
"2008-08-29 00:00:00",,
"2008-08-30 00:00:00",,
"2008-08-31 00:00:00",,
"2008-09-01 00:00:00",,
"2008-09-02 00:00:00",,
"2008-09-03 00:00:00",,
"2008-09-04 00:00:00",,
"2008-09-05 00:00:00",,
"2008-09-06 00:00:00",,
"2008-09-07 00:00:00",4354,
"2008-09-08 00:00:00",,
"2008-09-09 00:00:00",3042,
"2008-09-10 00:00:00",,
"2008-09-11 00:00:00",840,
"2008-09-12 00:00:00",3167,
"2008-09-13 00:00:00",5494,
"2008-09-14 00:00:00",4795,
"2008-09-15 00:00:00",1052,
"2008-09-16 00:00:00",1942,
"2008-09-17 00:00:00",2881,
"2008-09-18 00:00:00",,
"2008-09-19 00:00:00",2560,
"2008-09-20 00:00:00",,
"2008-09-21 00:00:00",2560,
"2008-09-22 00:00:00",3040,
"2008-09-23 00:00:00",3059,
"2008-09-24 00:00:00",3098,
"2008-09-25 00:00:00",,
"2008-09-26 00:00:00",,
"2008-09-27 00:00:00",,
"2008-09-28 00:00:00",,
"2008-09-29 00:00:00",,
"2008-09-30 00:00:00",1232,
"2008-10-01 00:00:00",,
"2008-10-02 00:00:00",3451,
"2008-10-03 00:00:00",4019,
"2008-10-04 00:00:00",,
"2008-10-05 00:00:00",2899,
"2008-10-06 00:00:00",,
"2008-10-07 00:00:00",2180,
"2008-10-08 00:00:00",1495,
"2008-10-09 00:00:00",1136,
"2008-10-10 00:00:00",1288,
"2008-10-11 00:00:00",3923,
"2008-10-12 00:00:00",,
"2008-10-13 00:00:00",1915,
"2008-10-14 00:00:00",,
"2008-10-15 00:00:00",2836,
"2008-10-16 00:00:00",,
"2008-10-17 00:00:00",3173,
"2008-10-18 00:00:00",,
"2008-10-19 00:00:00",4755,
"2008-10-20 00:00:00",,
"2008-10-21 00:00:00",2807,
"2008-10-22 00:00:00",,
"2008-10-23 00:00:00",1240,
"2008-10-24 00:00:00",2990,
"2008-10-25 00:00:00",4809,
"2008-10-26 00:00:00",4535,
"2008-10-27 00:00:00",,
"2008-10-28 00:00:00",,
"2008-10-29 00:00:00",3174,
"2008-10-30 00:00:00",,
"2008-10-31 00:00:00",,
"2008-11-01 00:00:00",,
"2008-11-02 00:00:00",,
"2008-11-03 00:00:00",1754,
"2008-11-04 00:00:00",1993,
"2008-11-05 00:00:00",,
"2008-11-06 00:00:00",,
"2008-11-07 00:00:00",,
"2008-11-08 00:00:00",1946,
"2008-11-09 00:00:00",,
"2008-11-10 00:00:00",,
"2008-11-11 00:00:00",,
"2008-11-12 00:00:00",,
"2008-11-13 00:00:00",734,
"2008-11-14 00:00:00",,
"2008-11-15 00:00:00",,
"2008-11-16 00:00:00",,
"2008-11-17 00:00:00",,
"2008-11-18 00:00:00",,
"2008-11-19 00:00:00",,
"2008-11-20 00:00:00",,
"2008-11-21 00:00:00",,
"2008-11-22 00:00:00",,
"2008-11-23 00:00:00",,
"2008-11-24 00:00:00",,
"2008-11-25 00:00:00",,
"2008-11-26 00:00:00",,
"2008-11-27 00:00:00",,
"2008-11-28 00:00:00",,
"2008-11-29 00:00:00",,
"2008-11-30 00:00:00",,
"2008-12-01 00:00:00",,
"2008-12-02 00:00:00",951,
"2008-12-03 00:00:00",,
"2008-12-04 00:00:00",,
"2008-12-05 00:00:00",,
"2008-12-06 00:00:00",4721,
"2008-12-07 00:00:00",,
"2008-12-08 00:00:00",,
"2008-12-09 00:00:00",,
"2008-12-10 00:00:00",1660,
"2008-12-11 00:00:00",,
"2008-12-12 00:00:00",,
"2008-12-13 00:00:00",,
"2008-12-14 00:00:00",,
"2008-12-15 00:00:00",,
"2008-12-16 00:00:00",3426,
"2008-12-17 00:00:00",3368,
"2008-12-18 00:00:00",,
"2008-12-19 00:00:00",,
"2008-12-20 00:00:00",,
"2008-12-21 00:00:00",,
"2008-12-22 00:00:00",,
"2008-12-23 00:00:00",,
"2008-12-24 00:00:00",,
"2008-12-25 00:00:00",,
"2008-12-26 00:00:00",,
"2008-12-27 00:00:00",,
"2008-12-28 00:00:00",,
"2008-12-29 00:00:00",,
"2008-12-30 00:00:00",,
"2008-12-31 00:00:00",,
"2009-01-01 00:00:00",,
"2009-01-02 00:00:00",,
"2009-01-03 00:00:00",,
"2009-01-04 00:00:00",,
"2009-01-05 00:00:00",,
"2009-01-06 00:00:00",,
"2009-01-07 00:00:00",,
"2009-01-08 00:00:00",,
"2009-01-09 00:00:00",,
"2009-01-10 00:00:00",,
"2009-01-11 00:00:00",,
"2009-01-12 00:00:00",,
"2009-01-13 00:00:00",,
"2009-01-14 00:00:00",,
"2009-01-15 00:00:00",,
"2009-01-16 00:00:00",1324,
"2009-01-17 00:00:00",,
"2009-01-18 00:00:00",,
"2009-01-19 00:00:00",,
"2009-01-20 00:00:00",,
"2009-01-21 00:00:00",,
"2009-01-22 00:00:00",,
"2009-01-23 00:00:00",,
"2009-01-24 00:00:00",4722,
"2009-01-25 00:00:00",,
"2009-01-26 00:00:00",,
"2009-01-27 00:00:00",,
"2009-01-28 00:00:00",,
"2009-01-29 00:00:00",,
"2009-01-30 00:00:00",,
"2009-01-31 00:00:00",,
"2009-02-01 00:00:00",2501,
"2009-02-02 00:00:00",1668,
"2009-02-03 00:00:00",,
"2009-02-04 00:00:00",,
"2009-02-05 00:00:00",,
"2009-02-06 00:00:00",,
"2009-02-07 00:00:00",4723,
"2009-02-08 00:00:00",3738,
"2009-02-09 00:00:00",,
"2009-02-10 00:00:00",,
"2009-02-11 00:00:00",,
"2009-02-12 00:00:00",,
"2009-02-13 00:00:00",,
"2009-02-14 00:00:00",4302,
"2009-02-15 00:00:00",,
"2009-02-16 00:00:00",,
"2009-02-17 00:00:00",,
"2009-02-18 00:00:00",,
"2009-02-19 00:00:00",1558,
"2009-02-20 00:00:00",,
"2009-02-21 00:00:00",,
"2009-02-22 00:00:00",,
"2009-02-23 00:00:00",,
"2009-02-24 00:00:00",1286,
"2009-02-25 00:00:00",,
"2009-02-26 00:00:00",3167,
"2009-02-27 00:00:00",,
"2009-02-28 00:00:00",,
"2009-03-01 00:00:00",,
"2009-03-02 00:00:00",,
"2009-03-03 00:00:00",4013,
"2009-03-04 00:00:00",3575,
"2009-03-05 00:00:00",,
"2009-03-06 00:00:00",,
"2009-03-07 00:00:00",,
"2009-03-08 00:00:00",,
"2009-03-09 00:00:00",,
"2009-03-10 00:00:00",,
"2009-03-11 00:00:00",1729,
"2009-03-12 00:00:00",,
"2009-03-13 00:00:00",,
"2009-03-14 00:00:00",,
"2009-03-15 00:00:00",,
"2009-03-16 00:00:00",2684,
"2009-03-17 00:00:00",,
"2009-03-18 00:00:00",4386,
"2009-03-19 00:00:00",,
"2009-03-20 00:00:00",,
"2009-03-21 00:00:00",2422,
"2009-03-22 00:00:00",,
"2009-03-23 00:00:00",,
"2009-03-24 00:00:00",,
"2009-03-25 00:00:00",,
"2009-03-26 00:00:00",,
"2009-03-27 00:00:00",1453,
"2009-03-28 00:00:00",,
"2009-03-29 00:00:00",4559,
"2009-03-30 00:00:00",3368,
"2009-03-31 00:00:00",,
"2009-04-01 00:00:00",2977,
"2009-04-02 00:00:00",,
"2009-04-03 00:00:00",,
"2009-04-04 00:00:00",,
"2009-04-05 00:00:00",,
"2009-04-06 00:00:00",,
"2009-04-07 00:00:00",2899,
"2009-04-08 00:00:00",,
"2009-04-09 00:00:00",,
"2009-04-10 00:00:00",,
"2009-04-11 00:00:00",,
"2009-04-12 00:00:00",2582,
"2009-04-13 00:00:00",,
"2009-04-14 00:00:00",,
"2009-04-15 00:00:00",,
"2009-04-16 00:00:00",1752,
"2009-04-17 00:00:00",3807,
"2009-04-18 00:00:00",,
"2009-04-19 00:00:00",,
"2009-04-20 00:00:00",,
"2009-04-21 00:00:00",,
"2009-04-22 00:00:00",3410,
"2009-04-23 00:00:00",,
"2009-04-24 00:00:00",,
"2009-04-25 00:00:00",,
"2009-04-26 00:00:00",,
"2009-04-27 00:00:00",1384,
"2009-04-28 00:00:00",1896,
"2009-04-29 00:00:00",,
"2009-04-30 00:00:00",2238,
"2009-05-01 00:00:00",,
"2009-05-02 00:00:00",2342,
"2009-05-03 00:00:00",2698,
"2009-05-04 00:00:00",,
"2009-05-05 00:00:00",,
"2009-05-06 00:00:00",,
"2009-05-07 00:00:00",,
"2009-05-08 00:00:00",,
"2009-05-09 00:00:00",,
"2009-05-10 00:00:00",,
"2009-05-11 00:00:00",1893,
"2009-05-12 00:00:00",,
"2009-05-13 00:00:00",,
"2009-05-14 00:00:00",,
"2009-05-15 00:00:00",,
"2009-05-16 00:00:00",,
"2009-05-17 00:00:00",,
"2009-05-18 00:00:00",,
"2009-05-19 00:00:00",,
"2009-05-20 00:00:00",,
"2009-05-21 00:00:00",,
"2009-05-22 00:00:00",,
"2009-05-23 00:00:00",2857,
"2009-05-24 00:00:00",,
"2009-05-25 00:00:00",,
"2009-05-26 00:00:00",,
"2009-05-27 00:00:00",,
"2009-05-28 00:00:00",,
"2009-05-29 00:00:00",1455,
"2009-05-30 00:00:00",,
"2009-05-31 00:00:00",,
"2009-06-01 00:00:00",5097,
"2009-06-02 00:00:00",,
"2009-06-03 00:00:00",,
"2009-06-04 00:00:00",,
"2009-06-05 00:00:00",4416,
"2009-06-06 00:00:00",,
"2009-06-07 00:00:00",,
"2009-06-08 00:00:00",,
"2009-06-09 00:00:00",,
"2009-06-10 00:00:00",,
"2009-06-11 00:00:00",,
"2009-06-12 00:00:00",5116,
"2009-06-13 00:00:00",,
"2009-06-14 00:00:00",,
"2009-06-15 00:00:00",4144,
"2009-06-16 00:00:00",,
"2009-06-17 00:00:00",,
"2009-06-18 00:00:00",,
"2009-06-19 00:00:00",,
"2009-06-20 00:00:00",,
"2009-06-21 00:00:00",5150,
"2009-06-22 00:00:00",,
"2009-06-23 00:00:00",,
"2009-06-24 00:00:00",,
"2009-06-25 00:00:00",,
"2009-06-26 00:00:00",,
"2009-06-27 00:00:00",4477,
"2009-06-28 00:00:00",,
"2009-06-29 00:00:00",,
"2009-06-30 00:00:00",,
"2009-07-01 00:00:00",,
"2009-07-02 00:00:00",,
"2009-07-03 00:00:00",2439,
"2009-07-04 00:00:00",,
"2009-07-05 00:00:00",,
"2009-07-06 00:00:00",,
"2009-07-07 00:00:00",2505,
"2009-07-08 00:00:00",,
"2009-07-09 00:00:00",,
"2009-07-10 00:00:00",,
"2009-07-11 00:00:00",4425,
"2009-07-12 00:00:00",,
"2009-07-13 00:00:00",2383,
"2009-07-14 00:00:00",,
"2009-07-15 00:00:00",,
"2009-07-16 00:00:00",,
"2009-07-17 00:00:00",,
"2009-07-18 00:00:00",,
"2009-07-19 00:00:00",4446,
"2009-07-20 00:00:00",,
"2009-07-21 00:00:00",,
"2009-07-22 00:00:00",,
"2009-07-23 00:00:00",,
"2009-07-24 00:00:00",5154,
"2009-07-25 00:00:00",,
"2009-07-26 00:00:00",,
"2009-07-27 00:00:00",,
"2009-07-28 00:00:00",,
"2009-07-29 00:00:00",4437,
"2009-07-30 00:00:00",,
"2009-07-31 00:00:00",,
"2009-08-01 00:00:00",,
"2009-08-02 00:00:00",,
"2009-08-03 00:00:00",3021,
"2009-08-04 00:00:00",4373,
"2009-08-05 00:00:00",,
"2009-08-06 00:00:00",,
"2009-08-07 00:00:00",,
"2009-08-08 00:00:00",,
"2009-08-09 00:00:00",3244,
"2009-08-10 00:00:00",,
"2009-08-11 00:00:00",,
"2009-08-12 00:00:00",2734,
"2009-08-13 00:00:00",,
"2009-08-14 00:00:00",,
"2009-08-15 00:00:00",5100,
"2009-08-16 00:00:00",,
"2009-08-17 00:00:00",3544,
"2009-08-18 00:00:00",,
"2009-08-19 00:00:00",,
"2009-08-20 00:00:00",2432,
"2009-08-21 00:00:00",,
"2009-08-22 00:00:00",,
"2009-08-23 00:00:00",,
"2009-08-24 00:00:00",,
"2009-08-25 00:00:00",5466,
"2009-08-26 00:00:00",,
"2009-08-27 00:00:00",,
"2009-08-28 00:00:00",,
"2009-08-29 00:00:00",,
"2009-08-30 00:00:00",5378,
"2009-08-31 00:00:00",,
"2009-09-01 00:00:00",,
"2009-09-02 00:00:00",,
"2009-09-03 00:00:00",,
"2009-09-04 00:00:00",,
"2009-09-05 00:00:00",6585,
"2009-09-06 00:00:00",,
"2009-09-07 00:00:00",,
"2009-09-08 00:00:00",3987,
"2009-09-09 00:00:00",,
"2009-09-10 00:00:00",3109,
"2009-09-11 00:00:00",2427,
"2009-09-12 00:00:00",,
"2009-09-13 00:00:00",,
"2009-09-14 00:00:00",,
"2009-09-15 00:00:00",,
"2009-09-16 00:00:00",4993,
"2009-09-17 00:00:00",,
"2009-09-18 00:00:00",,
"2009-09-19 00:00:00",,
"2009-09-20 00:00:00",,
"2009-09-21 00:00:00",,
"2009-09-22 00:00:00",,
"2009-09-23 00:00:00",,
"2009-09-24 00:00:00",,
"2009-09-25 00:00:00",1709,
"2009-09-26 00:00:00",,
"2009-09-27 00:00:00",,
"2009-09-28 00:00:00",,
"2009-09-29 00:00:00",,
"2009-09-30 00:00:00",3182,
"2009-10-01 00:00:00",,
"2009-10-02 00:00:00",,
"2009-10-03 00:00:00",,
"2009-10-04 00:00:00",,
"2009-10-05 00:00:00",4076,
"2009-10-06 00:00:00",,
"2009-10-07 00:00:00",,
"2009-10-08 00:00:00",,
"2009-10-09 00:00:00",,
"2009-10-10 00:00:00",,
"2009-10-11 00:00:00",,
"2009-10-12 00:00:00",5194,
"2009-10-13 00:00:00",1655,
"2009-10-14 00:00:00",,
"2009-10-15 00:00:00",,
"2009-10-16 00:00:00",,
"2009-10-17 00:00:00",,
"2009-10-18 00:00:00",4563,
"2009-10-19 00:00:00",,
"2009-10-20 00:00:00",,
"2009-10-21 00:00:00",,
"2009-10-22 00:00:00",,
"2009-10-23 00:00:00",,
"2009-10-24 00:00:00",,
"2009-10-25 00:00:00",,
"2009-10-26 00:00:00",,
"2009-10-27 00:00:00",,
"2009-10-28 00:00:00",,
"2009-10-29 00:00:00",,
"2009-10-30 00:00:00",,
"2009-10-31 00:00:00",,
"2009-11-01 00:00:00",,
"2009-11-02 00:00:00",,
"2009-11-03 00:00:00",,
"2009-11-04 00:00:00",,
"2009-11-05 00:00:00",,
"2009-11-06 00:00:00",,
"2009-11-07 00:00:00",,
"2009-11-08 00:00:00",,
"2009-11-09 00:00:00",,
"2009-11-10 00:00:00",1726,
"2009-11-11 00:00:00",,
"2009-11-12 00:00:00",,
"2009-11-13 00:00:00",,
"2009-11-14 00:00:00",,
"2009-11-15 00:00:00",,
"2009-11-16 00:00:00",,
"2009-11-17 00:00:00",,
"2009-11-18 00:00:00",,
"2009-11-19 00:00:00",,
"2009-11-20 00:00:00",,
"2009-11-21 00:00:00",,
"2009-11-22 00:00:00",,
"2009-11-23 00:00:00",,
"2009-11-24 00:00:00",1584,
"2009-11-25 00:00:00",4394,
"2009-11-26 00:00:00",,
"2009-11-27 00:00:00",,
"2009-11-28 00:00:00",3157,
"2009-11-29 00:00:00",,
"2009-11-30 00:00:00",,
"2009-12-01 00:00:00",,
"2009-12-02 00:00:00",3161,
"2009-12-03 00:00:00",3669,
"2009-12-04 00:00:00",,
"2009-12-05 00:00:00",5657,
"2009-12-06 00:00:00",,
"2009-12-07 00:00:00",4498,
"2009-12-08 00:00:00",,
"2009-12-09 00:00:00",,
"2009-12-10 00:00:00",,
"2009-12-11 00:00:00",,
"2009-12-12 00:00:00",5870,
"2009-12-13 00:00:00",,
"2009-12-14 00:00:00",,
"2009-12-15 00:00:00",,
"2009-12-16 00:00:00",,
"2009-12-17 00:00:00",2498,
"2009-12-18 00:00:00",,
"2009-12-19 00:00:00",,
"2009-12-20 00:00:00",,
"2009-12-21 00:00:00",3323,
"2009-12-22 00:00:00",,
"2009-12-23 00:00:00",,
"2009-12-24 00:00:00",,
"2009-12-25 00:00:00",,
"2009-12-26 00:00:00",2322,
"2009-12-27 00:00:00",2385,
"2009-12-28 00:00:00",,
"2009-12-29 00:00:00",,
"2009-12-30 00:00:00",,
"2009-12-31 00:00:00",4042,
"2010-01-01 00:00:00",,
"2010-01-02 00:00:00",,
"2010-01-03 00:00:00",,
"2010-01-04 00:00:00",,
"2010-01-05 00:00:00",5425,
"2010-01-06 00:00:00",,
"2010-01-07 00:00:00",,
"2010-01-08 00:00:00",,
"2010-01-09 00:00:00",4430,
"2010-01-10 00:00:00",3460,
"2010-01-11 00:00:00",,
"2010-01-12 00:00:00",,
"2010-01-13 00:00:00",1588,
"2010-01-14 00:00:00",,
"2010-01-15 00:00:00",,
"2010-01-16 00:00:00",,
"2010-01-17 00:00:00",4896,
"2010-01-18 00:00:00",,
"2010-01-19 00:00:00",,
"2010-01-20 00:00:00",,
"2010-01-21 00:00:00",,
"2010-01-22 00:00:00",3963,
"2010-01-23 00:00:00",,
"2010-01-24 00:00:00",,
"2010-01-25 00:00:00",,
"2010-01-26 00:00:00",4558,
"2010-01-27 00:00:00",5086,
"2010-01-28 00:00:00",3170,
"2010-01-29 00:00:00",,
"2010-01-30 00:00:00",,
"2010-01-31 00:00:00",6170,
"2010-02-01 00:00:00",,
"2010-02-02 00:00:00",,
"2010-02-03 00:00:00",,
"2010-02-04 00:00:00",3777,
"2010-02-05 00:00:00",,
"2010-02-06 00:00:00",,
"2010-02-07 00:00:00",,
"2010-02-08 00:00:00",,
"2010-02-09 00:00:00",,
"2010-02-10 00:00:00",2923,
"2010-02-11 00:00:00",,
"2010-02-12 00:00:00",,
"2010-02-13 00:00:00",,
"2010-02-14 00:00:00",3544,
"2010-02-15 00:00:00",,
"2010-02-16 00:00:00",,
"2010-02-17 00:00:00",,
"2010-02-18 00:00:00",4376,
"2010-02-19 00:00:00",,
"2010-02-20 00:00:00",,
"2010-02-21 00:00:00",,
"2010-02-22 00:00:00",,
"2010-02-23 00:00:00",1811,
"2010-02-24 00:00:00",,
"2010-02-25 00:00:00",4878,
"2010-02-26 00:00:00",,
"2010-02-27 00:00:00",3774,
"2010-02-28 00:00:00",,
"2010-03-01 00:00:00",,
"2010-03-02 00:00:00",,
"2010-03-03 00:00:00",2895,
"2010-03-04 00:00:00",2382,
"2010-03-05 00:00:00",,
"2010-03-06 00:00:00",,
"2010-03-07 00:00:00",,
"2010-03-08 00:00:00",,
"2010-03-09 00:00:00",3658,
"2010-03-10 00:00:00",,
"2010-03-11 00:00:00",,
"2010-03-12 00:00:00",1808,
"2010-03-13 00:00:00",3105,
"2010-03-14 00:00:00",3923,
"2010-03-15 00:00:00",,
"2010-03-16 00:00:00",,
"2010-03-17 00:00:00",,
"2010-03-18 00:00:00",,
"2010-03-19 00:00:00",,
"2010-03-20 00:00:00",,
"2010-03-21 00:00:00",,
"2010-03-22 00:00:00",5299,
"2010-03-23 00:00:00",4783,
"2010-03-24 00:00:00",4986,
"2010-03-25 00:00:00",5244,
"2010-03-26 00:00:00",7444,
"2010-03-27 00:00:00",7589,
"2010-03-28 00:00:00",7168,
"2010-03-29 00:00:00",5639,
"2010-03-30 00:00:00",5534,
"2010-03-31 00:00:00",5600,
"2010-04-01 00:00:00",6941,
"2010-04-02 00:00:00",7317,
"2010-04-03 00:00:00",7296,
"2010-04-04 00:00:00",7234,
"2010-04-05 00:00:00",6230,
"2010-04-06 00:00:00",5558,
"2010-04-07 00:00:00",5582,
"2010-04-08 00:00:00",5468,
"2010-04-09 00:00:00",7316,
"2010-04-10 00:00:00",7304,
"2010-04-11 00:00:00",6718,
"2010-04-12 00:00:00",5058,
"2010-04-13 00:00:00",4989,
"2010-04-14 00:00:00",4671,
"2010-04-15 00:00:00",4801,
"2010-04-16 00:00:00",7333,
"2010-04-17 00:00:00",7448,
"2010-04-18 00:00:00",6189,
"2010-04-19 00:00:00",4861,
"2010-04-20 00:00:00",4808,
"2010-04-21 00:00:00",4851,
"2010-04-22 00:00:00",4840,
"2010-04-23 00:00:00",7398,
"2010-04-24 00:00:00",7688,
"2010-04-25 00:00:00",6937,
"2010-04-26 00:00:00",4986,
"2010-04-27 00:00:00",4543,
"2010-04-28 00:00:00",4386,
"2010-04-29 00:00:00",4560,
"2010-04-30 00:00:00",7562,
"2010-05-01 00:00:00",7887,
"2010-05-02 00:00:00",7345,
"2010-05-03 00:00:00",4951,
"2010-05-04 00:00:00",4563,
"2010-05-05 00:00:00",4778,
"2010-05-06 00:00:00",4933,
"2010-05-07 00:00:00",6980,
"2010-05-08 00:00:00",7158,
"2010-05-09 00:00:00",6444,
"2010-05-10 00:00:00",4769,
"2010-05-11 00:00:00",4908,
"2010-05-12 00:00:00",5235,
"2010-05-13 00:00:00",5188,
"2010-05-14 00:00:00",7661,
"2010-05-15 00:00:00",7991,
"2010-05-16 00:00:00",7037,
"2010-05-17 00:00:00",5206,
"2010-05-18 00:00:00",4933,
"2010-05-19 00:00:00",4805,
"2010-05-20 00:00:00",5054,
"2010-05-21 00:00:00",7127,
"2010-05-22 00:00:00",7472,
"2010-05-23 00:00:00",7146,
"2010-05-24 00:00:00",4996,
"2010-05-25 00:00:00",4855,
"2010-05-26 00:00:00",4868,
"2010-05-27 00:00:00",5624,
"2010-05-28 00:00:00",7258,
"2010-05-29 00:00:00",7410,
"2010-05-30 00:00:00",7490,
"2010-05-31 00:00:00",7018,
"2010-06-01 00:00:00",5958,
"2010-06-02 00:00:00",6208,
"2010-06-03 00:00:00",6187,
"2010-06-04 00:00:00",6558,
"2010-06-05 00:00:00",6097,
"2010-06-06 00:00:00",6860,
"2010-06-07 00:00:00",6834,
"2010-06-08 00:00:00",6966,
"2010-06-09 00:00:00",6826,
"2010-06-10 00:00:00",7043,
"2010-06-11 00:00:00",7908,
"2010-06-12 00:00:00",8055,
"2010-06-13 00:00:00",7553,
"2010-06-14 00:00:00",7263,
"2010-06-15 00:00:00",7040,
"2010-06-16 00:00:00",7319,
"2010-06-17 00:00:00",7850,
"2010-06-18 00:00:00",8011,
"2010-06-19 00:00:00",8041,
"2010-06-20 00:00:00",8160,
"2010-06-21 00:00:00",8287,
"2010-06-22 00:00:00",7961,
"2010-06-23 00:00:00",7559,
"2010-06-24 00:00:00",7454,
"2010-06-25 00:00:00",7694,
"2010-06-26 00:00:00",7981,
"2010-06-27 00:00:00",8414,
"2010-06-28 00:00:00",8352,
"2010-06-29 00:00:00",7421,
"2010-06-30 00:00:00",7374,
"2010-07-01 00:00:00",7233,
"2010-07-02 00:00:00",7164,
"2010-07-03 00:00:00",7142,
"2010-07-04 00:00:00",7275,
"2010-07-05 00:00:00",7412,
"2010-07-06 00:00:00",7514,
"2010-07-07 00:00:00",7515,
"2010-07-08 00:00:00",7528,
"2010-07-09 00:00:00",6714,
"2010-07-10 00:00:00",7089,
"2010-07-11 00:00:00",7114,
"2010-07-12 00:00:00",7537,
"2010-07-13 00:00:00",7536,
"2010-07-14 00:00:00",7717,
"2010-07-15 00:00:00",7492,
"2010-07-16 00:00:00",7362,
"2010-07-17 00:00:00",7594,
"2010-07-18 00:00:00",7799,
"2010-07-19 00:00:00",7782,
"2010-07-20 00:00:00",7138,
"2010-07-21 00:00:00",7211,
"2010-07-22 00:00:00",7443,
"2010-07-23 00:00:00",7587,
"2010-07-24 00:00:00",7722,
"2010-07-25 00:00:00",8023,
"2010-07-26 00:00:00",8179,
"2010-07-27 00:00:00",7833,
"2010-07-28 00:00:00",8114,
"2010-07-29 00:00:00",8171,
"2010-07-30 00:00:00",7977,
"2010-07-31 00:00:00",8043,
"2010-08-01 00:00:00",8552,
"2010-08-02 00:00:00",8645,
"2010-08-03 00:00:00",8480,
"2010-08-04 00:00:00",7883,
"2010-08-05 00:00:00",7885,
"2010-08-06 00:00:00",7797,
"2010-08-07 00:00:00",8398,
"2010-08-08 00:00:00",8837,
"2010-08-09 00:00:00",8644,
"2010-08-10 00:00:00",8356,
"2010-08-11 00:00:00",8244,
"2010-08-12 00:00:00",8149,
"2010-08-13 00:00:00",8541,
"2010-08-14 00:00:00",8629,
"2010-08-15 00:00:00",8368,
"2010-08-16 00:00:00",8077,
"2010-08-17 00:00:00",8041,
"2010-08-18 00:00:00",7875,
"2010-08-19 00:00:00",7760,
"2010-08-20 00:00:00",8648,
"2010-08-21 00:00:00",9004,
"2010-08-22 00:00:00",8634,
"2010-08-23 00:00:00",7301,
"2010-08-24 00:00:00",6927,
"2010-08-25 00:00:00",6913,
"2010-08-26 00:00:00",7055,
"2010-08-27 00:00:00",9083,
"2010-08-28 00:00:00",9221,
"2010-08-29 00:00:00",8463,
"2010-08-30 00:00:00",6876,
"2010-08-31 00:00:00",6358,
"2010-09-01 00:00:00",6156,
"2010-09-02 00:00:00",6773,
"2010-09-03 00:00:00",8950,
"2010-09-04 00:00:00",8746,
"2010-09-05 00:00:00",8928,
"2010-09-06 00:00:00",7998,
"2010-09-07 00:00:00",5826,
"2010-09-08 00:00:00",5497,
"2010-09-09 00:00:00",5886,
"2010-09-10 00:00:00",9144,
"2010-09-11 00:00:00",9206,
"2010-09-12 00:00:00",8280,
"2010-09-13 00:00:00",5469,
"2010-09-14 00:00:00",4868,
"2010-09-15 00:00:00",4505,
"2010-09-16 00:00:00",5273,
"2010-09-17 00:00:00",8004,
"2010-09-18 00:00:00",8178,
"2010-09-19 00:00:00",6963,
"2010-09-20 00:00:00",4999,
"2010-09-21 00:00:00",4771,
"2010-09-22 00:00:00",4915,
"2010-09-23 00:00:00",6567,
"2010-09-24 00:00:00",10106,
"2010-09-25 00:00:00",10650,
"2010-09-26 00:00:00",9185,
"2010-09-27 00:00:00",6503,
"2010-09-28 00:00:00",6281,
"2010-09-29 00:00:00",6071,
"2010-09-30 00:00:00",6413,
"2010-10-01 00:00:00",9279,
"2010-10-02 00:00:00",9508,
"2010-10-03 00:00:00",8300,
"2010-10-04 00:00:00",5534,
"2010-10-05 00:00:00",4888,
"2010-10-06 00:00:00",4999,
"2010-10-07 00:00:00",6330,
"2010-10-08 00:00:00",8720,
"2010-10-09 00:00:00",8727,
"2010-10-10 00:00:00",7480,
"2010-10-11 00:00:00",6352,
"2010-10-12 00:00:00",5327,
"2010-10-13 00:00:00",5179,
"2010-10-14 00:00:00",6094,
"2010-10-15 00:00:00",8741,
"2010-10-16 00:00:00",8863,
"2010-10-17 00:00:00",8340,
"2010-10-18 00:00:00",5585,
"2010-10-19 00:00:00",5322,
"2010-10-20 00:00:00",5133,
"2010-10-21 00:00:00",5916,
"2010-10-22 00:00:00",8294,
"2010-10-23 00:00:00",8583,
"2010-10-24 00:00:00",7571,
"2010-10-25 00:00:00",5303,
"2010-10-26 00:00:00",4927,
"2010-10-27 00:00:00",4731,
"2010-10-28 00:00:00",5230,
"2010-10-29 00:00:00",5982,
"2010-10-30 00:00:00",8047,
"2010-10-31 00:00:00",7302,
"2010-11-01 00:00:00",5901,
"2010-11-02 00:00:00",5634,
"2010-11-03 00:00:00",5808,
"2010-11-04 00:00:00",5854,
"2010-11-05 00:00:00",8603,
"2010-11-06 00:00:00",9057,
"2010-11-07 00:00:00",8421,
"2010-11-08 00:00:00",5091,
"2010-11-09 00:00:00",4458,
"2010-11-10 00:00:00",5896,
"2010-11-11 00:00:00",5898,
"2010-11-12 00:00:00",8033,
"2010-11-13 00:00:00",8336,
"2010-11-14 00:00:00",8004,
"2010-11-15 00:00:00",4987,
"2010-11-16 00:00:00",4691,
"2010-11-17 00:00:00",4897,
"2010-11-18 00:00:00",5109,
"2010-11-19 00:00:00",8263,
"2010-11-20 00:00:00",8604,
"2010-11-21 00:00:00",8202,
"2010-11-22 00:00:00",6040,
"2010-11-23 00:00:00",7245,
"2010-11-24 00:00:00",7174,
"2010-11-25 00:00:00",8116,
"2010-11-26 00:00:00",8350,
"2010-11-27 00:00:00",8767,
"2010-11-28 00:00:00",8308,
"2010-11-29 00:00:00",5376,
"2010-11-30 00:00:00",5384,
"2010-12-01 00:00:00",5068,
"2010-12-02 00:00:00",5171,
"2010-12-03 00:00:00",8770,
"2010-12-04 00:00:00",8884,
"2010-12-05 00:00:00",8702,
"2010-12-06 00:00:00",5576,
"2010-12-07 00:00:00",5292,
"2010-12-08 00:00:00",5259,
"2010-12-09 00:00:00",5291,
"2010-12-10 00:00:00",8618,
"2010-12-11 00:00:00",8986,
"2010-12-12 00:00:00",8256,
"2010-12-13 00:00:00",5667,
"2010-12-14 00:00:00",5136,
"2010-12-15 00:00:00",5531,
"2010-12-16 00:00:00",6216,
"2010-12-17 00:00:00",7535,
"2010-12-18 00:00:00",8943,
"2010-12-19 00:00:00",9018,
"2010-12-20 00:00:00",8275,
"2010-12-21 00:00:00",8692,
"2010-12-22 00:00:00",9345,
"2010-12-23 00:00:00",9732,
"2010-12-24 00:00:00",7820,
"2010-12-25 00:00:00",7292,
"2010-12-26 00:00:00",8255,
"2010-12-27 00:00:00",8596,
"2010-12-28 00:00:00",9256,
"2010-12-29 00:00:00",9462,
"2010-12-30 00:00:00",9481,
"2010-12-31 00:00:00",9039,
"2011-01-01 00:00:00",9890,
"2011-01-02 00:00:00",9890,
"2011-01-03 00:00:00",8034,
"2011-01-04 00:00:00",7302,
"2011-01-05 00:00:00",7252,
"2011-01-06 00:00:00",7050,
"2011-01-07 00:00:00",10253,
"2011-01-08 00:00:00",10706,
"2011-01-09 00:00:00",10335,
"2011-01-10 00:00:00",6766,
"2011-01-11 00:00:00",7155,
"2011-01-12 00:00:00",6942,
"2011-01-13 00:00:00",6631,
"2011-01-14 00:00:00",9915,
"2011-01-15 00:00:00",10523,
"2011-01-16 00:00:00",10096,
"2011-01-17 00:00:00",9557,
"2011-01-18 00:00:00",6599,
"2011-01-19 00:00:00",6651,
"2011-01-20 00:00:00",7138,
"2011-01-21 00:00:00",9898,
"2011-01-22 00:00:00",10477,
"2011-01-23 00:00:00",10091,
"2011-01-24 00:00:00",6790,
"2011-01-25 00:00:00",6446,
"2011-01-26 00:00:00",6540,
"2011-01-27 00:00:00",6593,
"2011-01-28 00:00:00",9521,
"2011-01-29 00:00:00",10027,
"2011-01-30 00:00:00",9675,
"2011-01-31 00:00:00",7005,
"2011-02-01 00:00:00",7540,
"2011-02-02 00:00:00",7349,
"2011-02-03 00:00:00",6413,
"2011-02-04 00:00:00",10038,
"2011-02-05 00:00:00",10512,
"2011-02-06 00:00:00",9756,
"2011-02-07 00:00:00",5965,
"2011-02-08 00:00:00",5824,
"2011-02-09 00:00:00",5766,
"2011-02-10 00:00:00",5824,
"2011-02-11 00:00:00",9209,
"2011-02-12 00:00:00",9580,
"2011-02-13 00:00:00",9091,
"2011-02-14 00:00:00",6062,
"2011-02-15 00:00:00",6019,
"2011-02-16 00:00:00",5939,
"2011-02-17 00:00:00",6423,
"2011-02-18 00:00:00",9083,
"2011-02-19 00:00:00",9616,
"2011-02-20 00:00:00",9556,
"2011-02-21 00:00:00",8988,
"2011-02-22 00:00:00",6501,
"2011-02-23 00:00:00",6484,
"2011-02-24 00:00:00",6536,
"2011-02-25 00:00:00",9525,
"2011-02-26 00:00:00",9990,
"2011-02-27 00:00:00",9258,
"2011-02-28 00:00:00",6211,
"2011-03-01 00:00:00",5709,
"2011-03-02 00:00:00",5428,
"2011-03-03 00:00:00",5677,
"2011-03-04 00:00:00",9469,
"2011-03-05 00:00:00",9580,
"2011-03-06 00:00:00",9500,
"2011-03-07 00:00:00",5959,
"2011-03-08 00:00:00",5788,
"2011-03-09 00:00:00",5678,
"2011-03-10 00:00:00",5639,
"2011-03-11 00:00:00",9083,
"2011-03-12 00:00:00",9265,
"2011-03-13 00:00:00",8821,
"2011-03-14 00:00:00",6608,
"2011-03-15 00:00:00",6714,
"2011-03-16 00:00:00",6330,
"2011-03-17 00:00:00",6483,
"2011-03-18 00:00:00",9126,
"2011-03-19 00:00:00",9436,
"2011-03-20 00:00:00",9300,
"2011-03-21 00:00:00",6516,
"2011-03-22 00:00:00",6508,
"2011-03-23 00:00:00",6410,
"2011-03-24 00:00:00",7047,
"2011-03-25 00:00:00",8946,
"2011-03-26 00:00:00",9127,
"2011-03-27 00:00:00",8183,
"2011-03-28 00:00:00",5910,
"2011-03-29 00:00:00",5581,
"2011-03-30 00:00:00",5703,
"2011-03-31 00:00:00",6820,
"2011-04-01 00:00:00",8690,
"2011-04-02 00:00:00",8746,
"2011-04-03 00:00:00",7610,
"2011-04-04 00:00:00",5830,
"2011-04-05 00:00:00",5638,
"2011-04-06 00:00:00",5684,
"2011-04-07 00:00:00",5708,
"2011-04-08 00:00:00",8623,
"2011-04-09 00:00:00",8820,
"2011-04-10 00:00:00",7975,
"2011-04-11 00:00:00",5918,
"2011-04-12 00:00:00",5782,
"2011-04-13 00:00:00",5746,
"2011-04-14 00:00:00",5826,
"2011-04-15 00:00:00",7710,
"2011-04-16 00:00:00",7901,
"2011-04-17 00:00:00",7641,
"2011-04-18 00:00:00",6087,
"2011-04-19 00:00:00",5380,
"2011-04-20 00:00:00",5861,
"2011-04-21 00:00:00",7476,
"2011-04-22 00:00:00",8238,
"2011-04-23 00:00:00",8278,
"2011-04-24 00:00:00",8322,
"2011-04-25 00:00:00",6769,
"2011-04-26 00:00:00",5840,
"2011-04-27 00:00:00",5797,
"2011-04-28 00:00:00",6443,
"2011-04-29 00:00:00",8395,
"2011-04-30 00:00:00",8614,
"2011-05-01 00:00:00",7815,
"2011-05-02 00:00:00",5463,
"2011-05-03 00:00:00",5296,
"2011-05-04 00:00:00",5454,
"2011-05-05 00:00:00",5709,
"2011-05-06 00:00:00",8430,
"2011-05-07 00:00:00",8138,
"2011-05-08 00:00:00",7112,
"2011-05-09 00:00:00",4843,
"2011-05-10 00:00:00",5134,
"2011-05-11 00:00:00",5179,
"2011-05-12 00:00:00",5780,
"2011-05-13 00:00:00",8364,
"2011-05-14 00:00:00",8576,
"2011-05-15 00:00:00",7331,
"2011-05-16 00:00:00",5293,
"2011-05-17 00:00:00",4994,
"2011-05-18 00:00:00",4933,
"2011-05-19 00:00:00",5532,
"2011-05-20 00:00:00",7386,
"2011-05-21 00:00:00",7761,
"2011-05-22 00:00:00",6951,
"2011-05-23 00:00:00",5111,
"2011-05-24 00:00:00",4855,
"2011-05-25 00:00:00",4974,
"2011-05-26 00:00:00",6135,
"2011-05-27 00:00:00",7757,
"2011-05-28 00:00:00",7648,
"2011-05-29 00:00:00",7524,
"2011-05-30 00:00:00",6779,
"2011-05-31 00:00:00",6527,
"2011-06-01 00:00:00",6639,
"2011-06-02 00:00:00",6661,
"2011-06-03 00:00:00",7654,
"2011-06-04 00:00:00",7499,
"2011-06-05 00:00:00",6933,
"2011-06-06 00:00:00",6221,
"2011-06-07 00:00:00",6270,
"2011-06-08 00:00:00",6407,
"2011-06-09 00:00:00",6945,
"2011-06-10 00:00:00",7354,
"2011-06-11 00:00:00",7953,
"2011-06-12 00:00:00",7684,
"2011-06-13 00:00:00",6874,
"2011-06-14 00:00:00",6741,
"2011-06-15 00:00:00",6916,
"2011-06-16 00:00:00",7330,
"2011-06-17 00:00:00",7471,
"2011-06-18 00:00:00",7379,
"2011-06-19 00:00:00",7473,
"2011-06-20 00:00:00",7376,
"2011-06-21 00:00:00",7427,
"2011-06-22 00:00:00",7579,
"2011-06-23 00:00:00",7349,
"2011-06-24 00:00:00",284,
"2011-06-25 00:00:00",7339,
"2011-06-26 00:00:00",7851,
"2011-06-27 00:00:00",7636,
"2011-06-28 00:00:00",7469,
"2011-06-29 00:00:00",7542,
"2011-06-30 00:00:00",8311,
"2011-07-01 00:00:00",8291,
"2011-07-02 00:00:00",8769,
"2011-07-03 00:00:00",8649,
"2011-07-04 00:00:00",9222,
"2011-07-05 00:00:00",9478,
"2011-07-06 00:00:00",9436,
"2011-07-07 00:00:00",10059,
"2011-07-08 00:00:00",10061,
"2011-07-09 00:00:00",9721,
"2011-07-10 00:00:00",10336,
"2011-07-11 00:00:00",10139,
"2011-07-12 00:00:00",9804,
"2011-07-13 00:00:00",9327,
"2011-07-14 00:00:00",8980,
"2011-07-15 00:00:00",8997,
"2011-07-16 00:00:00",9377,
"2011-07-17 00:00:00",9977,
"2011-07-18 00:00:00",9888,
"2011-07-19 00:00:00",9427,
"2011-07-20 00:00:00",9334,
"2011-07-21 00:00:00",8900,
"2011-07-22 00:00:00",8790,
"2011-07-23 00:00:00",9048,
"2011-07-24 00:00:00",9638,
"2011-07-25 00:00:00",9661,
"2011-07-26 00:00:00",9368,
"2011-07-27 00:00:00",9226,
"2011-07-28 00:00:00",8899,
"2011-07-29 00:00:00",8928,
"2011-07-30 00:00:00",9100,
"2011-07-31 00:00:00",9225,
"2011-08-01 00:00:00",9398,
"2011-08-02 00:00:00",9346,
"2011-08-03 00:00:00",9271,
"2011-08-04 00:00:00",9008,
"2011-08-05 00:00:00",8779,
"2011-08-06 00:00:00",9304,
"2011-08-07 00:00:00",9614,
"2011-08-08 00:00:00",9405,
"2011-08-09 00:00:00",9093,
"2011-08-10 00:00:00",8747,
"2011-08-11 00:00:00",8631,
"2011-08-12 00:00:00",8716,
"2011-08-13 00:00:00",9104,
"2011-08-14 00:00:00",9064,
"2011-08-15 00:00:00",8729,
"2011-08-16 00:00:00",7938,
"2011-08-17 00:00:00",8007,
"2011-08-18 00:00:00",7967,
"2011-08-19 00:00:00",9017,
"2011-08-20 00:00:00",8936,
"2011-08-21 00:00:00",8786,
"2011-08-22 00:00:00",7394,
"2011-08-23 00:00:00",7250,
"2011-08-24 00:00:00",7111,
"2011-08-25 00:00:00",7722,
"2011-08-26 00:00:00",10201,
"2011-08-27 00:00:00",10288,
"2011-08-28 00:00:00",9560,
"2011-08-29 00:00:00",7679,
"2011-08-30 00:00:00",7430,
"2011-08-31 00:00:00",7079,
"2011-09-01 00:00:00",7513,
"2011-09-02 00:00:00",9613,
"2011-09-03 00:00:00",9658,
"2011-09-04 00:00:00",9824,
"2011-09-05 00:00:00",8999,
"2011-09-06 00:00:00",6036,
"2011-09-07 00:00:00",5941,
"2011-09-08 00:00:00",5714,
"2011-09-09 00:00:00",9089,
"2011-09-10 00:00:00",9089,
"2011-09-11 00:00:00",8059,
"2011-09-12 00:00:00",5691,
"2011-09-13 00:00:00",5528,
"2011-09-14 00:00:00",5111,
"2011-09-15 00:00:00",5384,
"2011-09-16 00:00:00",8272,
"2011-09-17 00:00:00",8088,
"2011-09-18 00:00:00",7336,
"2011-09-19 00:00:00",5393,
"2011-09-20 00:00:00",4819,
"2011-09-21 00:00:00",5050,
"2011-09-22 00:00:00",5844,
"2011-09-23 00:00:00",8091,
"2011-09-24 00:00:00",8290,
"2011-09-25 00:00:00",7253,
"2011-09-26 00:00:00",5325,
"2011-09-27 00:00:00",5099,
"2011-09-28 00:00:00",5238,
"2011-09-29 00:00:00",5445,
"2011-09-30 00:00:00",8191,
"2011-10-01 00:00:00",8212,
"2011-10-02 00:00:00",7362,
"2011-10-03 00:00:00",5516,
"2011-10-04 00:00:00",5325,
"2011-10-05 00:00:00",5358,
"2011-10-06 00:00:00",5856,
"2011-10-07 00:00:00",8438,
"2011-10-08 00:00:00",8489,
"2011-10-09 00:00:00",7916,
"2011-10-10 00:00:00",6048,
"2011-10-11 00:00:00",5412,
"2011-10-12 00:00:00",5442,
"2011-10-13 00:00:00",5733,
"2011-10-14 00:00:00",8335,
"2011-10-15 00:00:00",8515,
"2011-10-16 00:00:00",8336,
"2011-10-17 00:00:00",5383,
"2011-10-18 00:00:00",5459,
"2011-10-19 00:00:00",5695,
"2011-10-20 00:00:00",6583,
"2011-10-21 00:00:00",8570,
"2011-10-22 00:00:00",8951,
"2011-10-23 00:00:00",8405,
"2011-10-24 00:00:00",5940,
"2011-10-25 00:00:00",5336,
"2011-10-26 00:00:00",5324,
"2011-10-27 00:00:00",5553,
"2011-10-28 00:00:00",7710,
"2011-10-29 00:00:00",7923,
"2011-10-30 00:00:00",7594,
"2011-10-31 00:00:00",5202,
"2011-11-01 00:00:00",5450,
"2011-11-02 00:00:00",5341,
"2011-11-03 00:00:00",6075,
"2011-11-04 00:00:00",8385,
"2011-11-05 00:00:00",8667,
"2011-11-06 00:00:00",8341,
"2011-11-07 00:00:00",5292,
"2011-11-08 00:00:00",4616,
"2011-11-09 00:00:00",4649,
"2011-11-10 00:00:00",5754,
"2011-11-11 00:00:00",7050,
"2011-11-12 00:00:00",7114,
"2011-11-13 00:00:00",6845,
"2011-11-14 00:00:00",4418,
"2011-11-15 00:00:00",4262,
"2011-11-16 00:00:00",4238,
"2011-11-17 00:00:00",4450,
"2011-11-18 00:00:00",6962,
"2011-11-19 00:00:00",7265,
"2011-11-20 00:00:00",7042,
"2011-11-21 00:00:00",5074,
"2011-11-22 00:00:00",6228,
"2011-11-23 00:00:00",6506,
"2011-11-24 00:00:00",8089,
"2011-11-25 00:00:00",9077,
"2011-11-26 00:00:00",9183,
"2011-11-27 00:00:00",9088,
"2011-11-28 00:00:00",5857,
"2011-11-29 00:00:00",5141,
"2011-11-30 00:00:00",3456,
"2011-12-01 00:00:00",5330,
"2011-12-02 00:00:00",8528,
"2011-12-03 00:00:00",8879,
"2011-12-04 00:00:00",8500,
"2011-12-05 00:00:00",7867,
"2011-12-06 00:00:00",7867,
"2011-12-07 00:00:00",5330,
"2011-12-08 00:00:00",5175,
"2011-12-09 00:00:00",8334,
"2011-12-10 00:00:00",8379,
"2011-12-11 00:00:00",8215,
"2011-12-12 00:00:00",5785,
"2011-12-13 00:00:00",4654,
"2011-12-14 00:00:00",5107,
"2011-12-15 00:00:00",5421,
"2011-12-16 00:00:00",7623,
"2011-12-17 00:00:00",8119,
"2011-12-18 00:00:00",8031,
"2011-12-19 00:00:00",7181,
"2011-12-20 00:00:00",8453,
"2011-12-21 00:00:00",9124,
"2011-12-22 00:00:00",9368,
"2011-12-23 00:00:00",9740,
"2011-12-24 00:00:00",8839,
"2011-12-25 00:00:00",8207,
"2011-12-26 00:00:00",9390,
"2011-12-27 00:00:00",9983,
"2011-12-28 00:00:00",10121,
"2011-12-29 00:00:00",10308,
"2011-12-30 00:00:00",10735,
"2011-12-31 00:00:00",9840,
"2012-01-01 00:00:00",11612,
"2012-01-02 00:00:00",11476,
"2012-01-03 00:00:00",9175,
"2012-01-04 00:00:00",8095,
"2012-01-05 00:00:00",8265,
"2012-01-06 00:00:00",11146,
"2012-01-07 00:00:00",11289,
"2012-01-08 00:00:00",10762,
"2012-01-09 00:00:00",7649,
"2012-01-10 00:00:00",7526,
"2012-01-11 00:00:00",7434,
"2012-01-12 00:00:00",7371,
"2012-01-13 00:00:00",11247,
"2012-01-14 00:00:00",11413,
"2012-01-15 00:00:00",10927,
"2012-01-16 00:00:00",10541,
"2012-01-17 00:00:00",9920,
"2012-01-18 00:00:00",9920,
"2012-01-19 00:00:00",9920,
"2012-01-20 00:00:00",9920,
"2012-01-21 00:00:00",9920,
"2012-01-22 00:00:00",9920,
"2012-01-23 00:00:00",9920,
"2012-01-24 00:00:00",7993,
"2012-01-25 00:00:00",7861,
"2012-01-26 00:00:00",7457,
"2012-01-27 00:00:00",10767,
"2012-01-28 00:00:00",11126,
"2012-01-29 00:00:00",10818,
"2012-01-30 00:00:00",7697,
"2012-01-31 00:00:00",7367,
"2012-02-01 00:00:00",7117,
"2012-02-02 00:00:00",7080,
"2012-02-03 00:00:00",11217,
"2012-02-04 00:00:00",11308,
"2012-02-05 00:00:00",10934,
"2012-02-06 00:00:00",7333,
"2012-02-07 00:00:00",6882,
"2012-02-08 00:00:00",6728,
"2012-02-09 00:00:00",6748,
"2012-02-10 00:00:00",10601,
"2012-02-11 00:00:00",10968,
"2012-02-12 00:00:00",9170,
"2012-02-13 00:00:00",8021,
"2012-02-14 00:00:00",7395,
"2012-02-15 00:00:00",7370,
"2012-02-16 00:00:00",7446,
"2012-02-17 00:00:00",10807,
"2012-02-18 00:00:00",10752,
"2012-02-19 00:00:00",10559,
"2012-02-20 00:00:00",10046,
"2012-02-21 00:00:00",7792,
"2012-02-22 00:00:00",7341,
"2012-02-23 00:00:00",7287,
"2012-02-24 00:00:00",11119,
"2012-02-25 00:00:00",11229,
"2012-02-26 00:00:00",10932,
"2012-02-27 00:00:00",7841,
"2012-02-28 00:00:00",7507,
"2012-02-29 00:00:00",7501,
"2012-03-01 00:00:00",6943,
"2012-03-02 00:00:00",10934,
"2012-03-03 00:00:00",11343,
"2012-03-04 00:00:00",11108,
"2012-03-05 00:00:00",7281,
"2012-03-06 00:00:00",6885,
"2012-03-07 00:00:00",6762,
"2012-03-08 00:00:00",7324,
"2012-03-09 00:00:00",10564,
"2012-03-10 00:00:00",10668,
"2012-03-11 00:00:00",10104,
"2012-03-12 00:00:00",7902,
"2012-03-13 00:00:00",7679,
"2012-03-14 00:00:00",7513,
"2012-03-15 00:00:00",8512,
"2012-03-16 00:00:00",10685,
"2012-03-17 00:00:00",10825,
"2012-03-18 00:00:00",10514,
"2012-03-19 00:00:00",7942,
"2012-03-20 00:00:00",7568,
"2012-03-21 00:00:00",7121,
"2012-03-22 00:00:00",8252,
"2012-03-23 00:00:00",10657,
"2012-03-24 00:00:00",10633,
"2012-03-25 00:00:00",9637,
"2012-03-26 00:00:00",7443,
"2012-03-27 00:00:00",7279,
"2012-03-28 00:00:00",7177,
"2012-03-29 00:00:00",8446,
"2012-03-30 00:00:00",10830,
"2012-03-31 00:00:00",10784,
"2012-04-01 00:00:00",10381,
"2012-04-02 00:00:00",8562,
"2012-04-03 00:00:00",8676,
"2012-04-04 00:00:00",8967,
"2012-04-05 00:00:00",10474,
"2012-04-06 00:00:00",10628,
"2012-04-07 00:00:00",10576,
"2012-04-08 00:00:00",10550,
"2012-04-09 00:00:00",9260,
"2012-04-10 00:00:00",8757,
"2012-04-11 00:00:00",8389,
"2012-04-12 00:00:00",8957,
"2012-04-13 00:00:00",11141,
"2012-04-14 00:00:00",11191,
"2012-04-15 00:00:00",10048,
"2012-04-16 00:00:00",7438,
"2012-04-17 00:00:00",7094,
"2012-04-18 00:00:00",6960,
"2012-04-19 00:00:00",7354,
"2012-04-20 00:00:00",10389,
"2012-04-21 00:00:00",10569,
"2012-04-22 00:00:00",9242,
"2012-04-23 00:00:00",6926,
"2012-04-24 00:00:00",6688,
"2012-04-25 00:00:00",6622,
"2012-04-26 00:00:00",6624,
"2012-04-27 00:00:00",10263,
"2012-04-28 00:00:00",10535,
"2012-04-29 00:00:00",10100,
"2012-04-30 00:00:00",7678,
"2012-05-01 00:00:00",6880,
"2012-05-02 00:00:00",6845,
"2012-05-03 00:00:00",7707,
"2012-05-04 00:00:00",10400,
"2012-05-05 00:00:00",10528,
"2012-05-06 00:00:00",9579,
"2012-05-07 00:00:00",7035,
"2012-05-08 00:00:00",6744,
"2012-05-09 00:00:00",6174,
"2012-05-10 00:00:00",6956,
"2012-05-11 00:00:00",9820,
"2012-05-12 00:00:00",9499,
"2012-05-13 00:00:00",8465,
"2012-05-14 00:00:00",6396,
"2012-05-15 00:00:00",6495,
"2012-05-16 00:00:00",6772,
"2012-05-17 00:00:00",7003,
"2012-05-18 00:00:00",9460,
"2012-05-19 00:00:00",9739,
"2012-05-20 00:00:00",8698,
"2012-05-21 00:00:00",6553,
"2012-05-22 00:00:00",6524,
"2012-05-23 00:00:00",6554,
"2012-05-24 00:00:00",7409,
"2012-05-25 00:00:00",9089,
"2012-05-26 00:00:00",9375,
"2012-05-27 00:00:00",9148,
"2012-05-28 00:00:00",8257,
"2012-05-29 00:00:00",7222,
"2012-05-30 00:00:00",7243,
"2012-05-31 00:00:00",8243,
"2012-06-01 00:00:00",9612,
"2012-06-02 00:00:00",9802,
"2012-06-03 00:00:00",9002,
"2012-06-04 00:00:00",8201,
"2012-06-05 00:00:00",8370,
"2012-06-06 00:00:00",8574,
"2012-06-07 00:00:00",9275,
"2012-06-08 00:00:00",10020,
"2012-06-09 00:00:00",10114,
"2012-06-10 00:00:00",9115,
"2012-06-11 00:00:00",9112,
"2012-06-12 00:00:00",8796,
"2012-06-13 00:00:00",9204,
"2012-06-14 00:00:00",9772,
"2012-06-15 00:00:00",10061,
"2012-06-16 00:00:00",9993,
"2012-06-17 00:00:00",9797,
"2012-06-18 00:00:00",9580,
"2012-06-19 00:00:00",9216,
"2012-06-20 00:00:00",9033,
"2012-06-21 00:00:00",9607,
"2012-06-22 00:00:00",9700,
"2012-06-23 00:00:00",10353,
"2012-06-24 00:00:00",10170,
"2012-06-25 00:00:00",9818,
"2012-06-26 00:00:00",9489,
"2012-06-27 00:00:00",9265,
"2012-06-28 00:00:00",8914,
"2012-06-29 00:00:00",8778,
"2012-06-30 00:00:00",8863,
"2012-07-01 00:00:00",12253,
"2012-07-02 00:00:00",9321,
"2012-07-03 00:00:00",9193,
"2012-07-04 00:00:00",9150,
"2012-07-05 00:00:00",9210,
"2012-07-06 00:00:00",9115,
"2012-07-07 00:00:00",9449,
"2012-07-08 00:00:00",9565,
"2012-07-09 00:00:00",9483,
"2012-07-10 00:00:00",9359,
"2012-07-11 00:00:00",9543,
"2012-07-12 00:00:00",9509,
"2012-07-13 00:00:00",9478,
"2012-07-14 00:00:00",9739,
"2012-07-15 00:00:00",10046,
"2012-07-16 00:00:00",10139,
"2012-07-17 00:00:00",10139,
"2012-07-18 00:00:00",10178,
"2012-07-19 00:00:00",10661,
"2012-07-20 00:00:00",10424,
"2012-07-21 00:00:00",12414,
"2012-07-22 00:00:00",12118,
"2012-07-23 00:00:00",12004,
"2012-07-24 00:00:00",11267,
"2012-07-25 00:00:00",11105,
"2012-07-26 00:00:00",10727,
"2012-07-27 00:00:00",10348,
"2012-07-28 00:00:00",10476,
"2012-07-29 00:00:00",10813,
"2012-07-30 00:00:00",10810,
"2012-07-31 00:00:00",10675,
"2012-08-01 00:00:00",10711,
"2012-08-02 00:00:00",10004,
"2012-08-03 00:00:00",9609,
"2012-08-04 00:00:00",9400,
"2012-08-05 00:00:00",10024,
"2012-08-06 00:00:00",10106,
"2012-08-07 00:00:00",9908,
"2012-08-08 00:00:00",9917,
"2012-08-09 00:00:00",10267,
"2012-08-10 00:00:00",10293,
"2012-08-11 00:00:00",9886,
"2012-08-12 00:00:00",9764,
"2012-08-13 00:00:00",9645,
"2012-08-14 00:00:00",9241,
"2012-08-15 00:00:00",8797,
"2012-08-16 00:00:00",7842,
"2012-08-17 00:00:00",8532,
"2012-08-18 00:00:00",9452,
"2012-08-19 00:00:00",9323,
"2012-08-20 00:00:00",9077,
"2012-08-21 00:00:00",8887,
"2012-08-22 00:00:00",8995,
"2012-08-23 00:00:00",9247,
"2012-08-24 00:00:00",10602,
"2012-08-25 00:00:00",10831,
"2012-08-26 00:00:00",10513,
"2012-08-27 00:00:00",8922,
"2012-08-28 00:00:00",8712,
"2012-08-29 00:00:00",8274,
"2012-08-30 00:00:00",8867,
"2012-08-31 00:00:00",11028,
"2012-09-01 00:00:00",11674,
"2012-09-02 00:00:00",11688,
"2012-09-03 00:00:00",11222,
"2012-09-04 00:00:00",8096,
"2012-09-05 00:00:00",8127,
"2012-09-06 00:00:00",6816,
"2012-09-07 00:00:00",2200,
"2012-09-08 00:00:00",2200,
"2012-09-09 00:00:00",4343,
"2012-09-10 00:00:00",5129,
"2012-09-11 00:00:00",4775,
"2012-09-12 00:00:00",4667,
"2012-09-13 00:00:00",4866,
"2012-09-14 00:00:00",6917,
"2012-09-15 00:00:00",7214,
"2012-09-16 00:00:00",7002,
"2012-09-17 00:00:00",5005,
"2012-09-18 00:00:00",5189,
"2012-09-19 00:00:00",5414,
"2012-09-20 00:00:00",6319,
"2012-09-21 00:00:00",6757,
"2012-09-22 00:00:00",3942,
"2012-09-23 00:00:00",4725,
"2012-09-24 00:00:00",5487,
"2012-09-25 00:00:00",5614,
"2012-09-26 00:00:00",5760,
"2012-09-27 00:00:00",5950,
"2012-09-28 00:00:00",9239,
"2012-09-29 00:00:00",10041,
"2012-09-30 00:00:00",9364,
"2012-10-01 00:00:00",14158,
"2012-10-02 00:00:00",6927,
"2012-10-03 00:00:00",6913,
"2012-10-04 00:00:00",7130,
"2012-10-05 00:00:00",9744,
"2012-10-06 00:00:00",9830,
"2012-10-07 00:00:00",9130,
"2012-10-08 00:00:00",7363,
"2012-10-09 00:00:00",5959,
"2012-10-10 00:00:00",6069,
"2012-10-11 00:00:00",7090,
"2012-10-12 00:00:00",9823,
"2012-10-13 00:00:00",10526,
"2012-10-14 00:00:00",9955,
"2012-10-15 00:00:00",6997,
"2012-10-16 00:00:00",6713,
"2012-10-17 00:00:00",6625,
"2012-10-18 00:00:00",5158,
"2012-10-19 00:00:00",5158,
"2012-10-20 00:00:00",9702,
"2012-10-21 00:00:00",9070,
"2012-10-22 00:00:00",6813,
"2012-10-23 00:00:00",6600,
"2012-10-24 00:00:00",6480,
"2012-10-25 00:00:00",9225,
"2012-10-26 00:00:00",12359,
"2012-10-27 00:00:00",14158,
"2012-10-28 00:00:00",13973,
"2012-10-29 00:00:00",10538,
"2012-10-30 00:00:00",9956,
"2012-10-31 00:00:00",9549,
"2012-11-01 00:00:00",17995,
"2012-11-02 00:00:00",17808,
"2012-11-03 00:00:00",18066,
"2012-11-04 00:00:00",17238,
"2012-11-05 00:00:00",10747,
"2012-11-06 00:00:00",10116,
"2012-11-07 00:00:00",9354,
"2012-11-08 00:00:00",9851,
"2012-11-09 00:00:00",16034,
"2012-11-10 00:00:00",16002,
"2012-11-11 00:00:00",15306,
"2012-11-12 00:00:00",11686,
"2012-11-13 00:00:00",8208,
"2012-11-14 00:00:00",7838,
"2012-11-15 00:00:00",7788,
"2012-11-16 00:00:00",14359,
"2012-11-17 00:00:00",14365,
"2012-11-18 00:00:00",13511,
"2012-11-19 00:00:00",10017,
"2012-11-20 00:00:00",11462,
"2012-11-21 00:00:00",13263,
"2012-11-22 00:00:00",16300,
"2012-11-23 00:00:00",17280,
"2012-11-24 00:00:00",17521,
"2012-11-25 00:00:00",16345,
"2012-11-26 00:00:00",10968,
"2012-11-27 00:00:00",11135,
"2012-11-28 00:00:00",10980,
"2012-11-29 00:00:00",11302,
"2012-11-30 00:00:00",17381,
"2012-12-01 00:00:00",22009,
"2012-12-02 00:00:00",17460,
"2012-12-03 00:00:00",11924,
"2012-12-04 00:00:00",11108,
"2012-12-05 00:00:00",11012,
"2012-12-06 00:00:00",10457,
"2012-12-07 00:00:00",17454,
"2012-12-08 00:00:00",17663,
"2012-12-09 00:00:00",17029,
"2012-12-10 00:00:00",12739,
"2012-12-11 00:00:00",11420,
"2012-12-12 00:00:00",10999,
"2012-12-13 00:00:00",10788,
"2012-12-14 00:00:00",17225,
"2012-12-15 00:00:00",17495,
"2012-12-16 00:00:00",16918,
"2012-12-17 00:00:00",13044,
"2012-12-18 00:00:00",12766,
"2012-12-19 00:00:00",12719,
"2012-12-20 00:00:00",16037,
"2012-12-21 00:00:00",20294,
"2012-12-22 00:00:00",20527,
"2012-12-23 00:00:00",19940,
"2012-12-24 00:00:00",16746,
"2012-12-25 00:00:00",17102,
"2012-12-26 00:00:00",18803,
"2012-12-27 00:00:00",19816,
"2012-12-28 00:00:00",20955,
"2012-12-29 00:00:00",21309,
"2012-12-30 00:00:00",22194,
"2012-12-31 00:00:00",21860,
"2013-01-01 00:00:00",24427,
"2013-01-02 00:00:00",22119,
"2013-01-03 00:00:00",21536,
"2013-01-04 00:00:00",23515,
"2013-01-05 00:00:00",24483,
"2013-01-06 00:00:00",23305,
"2013-01-07 00:00:00",16828,
"2013-01-08 00:00:00",15889,
"2013-01-09 00:00:00",15946,
"2013-01-10 00:00:00",16124,
"2013-01-11 00:00:00",23674,
"2013-01-12 00:00:00",24125,
"2013-01-13 00:00:00",23665,
"2013-01-14 00:00:00",17565,
"2013-01-15 00:00:00",17442,
"2013-01-16 00:00:00",16946,
"2013-01-17 00:00:00",17415,
"2013-01-18 00:00:00",24176,
"2013-01-19 00:00:00",24455,
"2013-01-20 00:00:00",23776,
"2013-01-21 00:00:00",23164,
"2013-01-22 00:00:00",17910,
"2013-01-23 00:00:00",17899,
"2013-01-24 00:00:00",17443,
"2013-01-25 00:00:00",23515,
"2013-01-26 00:00:00",23734,
"2013-01-27 00:00:00",22830,
"2013-01-28 00:00:00",18039,
"2013-01-29 00:00:00",16346,
"2013-01-30 00:00:00",15850,
"2013-01-31 00:00:00",15788,
"2013-02-01 00:00:00",28488,
"2013-02-02 00:00:00",23988,
"2013-02-03 00:00:00",23508,
"2013-02-04 00:00:00",16117,
"2013-02-05 00:00:00",15544,
"2013-02-06 00:00:00",15572,
"2013-02-07 00:00:00",16928,
"2013-02-08 00:00:00",25680,
"2013-02-09 00:00:00",26060,
"2013-02-10 00:00:00",25896,
"2013-02-11 00:00:00",19334,
"2013-02-12 00:00:00",17960,
"2013-02-13 00:00:00",16452,
"2013-02-14 00:00:00",16325,
"2013-02-15 00:00:00",23144,
"2013-02-16 00:00:00",23668,
"2013-02-17 00:00:00",23471,
"2013-02-18 00:00:00",22875,
"2013-02-19 00:00:00",19664,
"2013-02-20 00:00:00",21324,
"2013-02-21 00:00:00",23142,
"2013-02-22 00:00:00",28373,
"2013-02-23 00:00:00",28576,
"2013-02-24 00:00:00",26679,
"2013-02-25 00:00:00",18660,
"2013-02-26 00:00:00",18439,
"2013-02-27 00:00:00",17864,
"2013-02-28 00:00:00",17370,
"2013-03-01 00:00:00",28326,
"2013-03-02 00:00:00",25330,
"2013-03-03 00:00:00",24503,
"2013-03-04 00:00:00",16735,
"2013-03-05 00:00:00",16160,
"2013-03-06 00:00:00",16474,
"2013-03-07 00:00:00",16590,
"2013-03-08 00:00:00",23656,
"2013-03-09 00:00:00",24535,
"2013-03-10 00:00:00",23603,
"2013-03-11 00:00:00",17418,
"2013-03-12 00:00:00",16229,
"2013-03-13 00:00:00",16104,
"2013-03-14 00:00:00",18122,
"2013-03-15 00:00:00",23465,
"2013-03-16 00:00:00",23639,
"2013-03-17 00:00:00",22834,
"2013-03-18 00:00:00",16798,
"2013-03-19 00:00:00",16425,
"2013-03-20 00:00:00",16119,
"2013-03-21 00:00:00",19689,
"2013-03-22 00:00:00",26628,
"2013-03-23 00:00:00",28531,
"2013-03-24 00:00:00",28108,
"2013-03-25 00:00:00",23807,
"2013-03-26 00:00:00",22307,
"2013-03-27 00:00:00",23683,
"2013-03-28 00:00:00",27317,
"2013-03-29 00:00:00",27493,
"2013-03-30 00:00:00",27188,
"2013-03-31 00:00:00",25717,
"2013-04-01 00:00:00",27237,
"2013-04-02 00:00:00",20677,
"2013-04-03 00:00:00",20286,
"2013-04-04 00:00:00",21129,
"2013-04-05 00:00:00",25901,
"2013-04-06 00:00:00",25892,
"2013-04-07 00:00:00",24436,
"2013-04-08 00:00:00",18323,
"2013-04-09 00:00:00",18588,
"2013-04-10 00:00:00",18246,
"2013-04-11 00:00:00",19585,
"2013-04-12 00:00:00",27275,
"2013-04-13 00:00:00",27363,
"2013-04-14 00:00:00",25006,
"2013-04-15 00:00:00",18494,
"2013-04-16 00:00:00",17837,
"2013-04-17 00:00:00",16676,
"2013-04-18 00:00:00",18198,
"2013-04-19 00:00:00",25056,
"2013-04-20 00:00:00",24951,
"2013-04-21 00:00:00",20308,
"2013-04-22 00:00:00",17103,
"2013-04-23 00:00:00",16599,
"2013-04-24 00:00:00",16657,
"2013-04-25 00:00:00",15964,
"2013-04-26 00:00:00",22798,
"2013-04-27 00:00:00",23574,
"2013-04-28 00:00:00",21592,
"2013-04-29 00:00:00",16450,
"2013-04-30 00:00:00",15924,
"2013-05-01 00:00:00",22094,
"2013-05-02 00:00:00",15812,
"2013-05-03 00:00:00",21895,
"2013-05-04 00:00:00",22059,
"2013-05-05 00:00:00",20722,
"2013-05-06 00:00:00",15743,
"2013-05-07 00:00:00",14526,
"2013-05-08 00:00:00",15446,
"2013-05-09 00:00:00",15344,
"2013-05-10 00:00:00",22047,
"2013-05-11 00:00:00",21656,
"2013-05-12 00:00:00",18523,
"2013-05-13 00:00:00",15193,
"2013-05-14 00:00:00",14341,
"2013-05-15 00:00:00",14259,
"2013-05-16 00:00:00",14568,
"2013-05-17 00:00:00",20757,
"2013-05-18 00:00:00",22237,
"2013-05-19 00:00:00",21371,
"2013-05-20 00:00:00",15567,
"2013-05-21 00:00:00",15143,
"2013-05-22 00:00:00",15126,
"2013-05-23 00:00:00",17596,
"2013-05-24 00:00:00",21349,
"2013-05-25 00:00:00",21278,
"2013-05-26 00:00:00",21510,
"2013-05-27 00:00:00",20463,
"2013-05-28 00:00:00",17665,
"2013-05-29 00:00:00",17591,
"2013-05-30 00:00:00",19316,
"2013-05-31 00:00:00",23585,
"2013-06-01 00:00:00",23594,
"2013-06-02 00:00:00",21798,
"2013-06-03 00:00:00",18211,
"2013-06-04 00:00:00",18375,
"2013-06-05 00:00:00",15454,
"2013-06-06 00:00:00",17692,
"2013-06-07 00:00:00",18903,
"2013-06-08 00:00:00",19782,
"2013-06-09 00:00:00",18511,
"2013-06-10 00:00:00",18075,
"2013-06-11 00:00:00",18189,
"2013-06-12 00:00:00",18181,
"2013-06-13 00:00:00",19514,
"2013-06-14 00:00:00",19672,
"2013-06-15 00:00:00",19474,
"2013-06-16 00:00:00",19735,
"2013-06-17 00:00:00",20911,
"2013-06-18 00:00:00",20485,
"2013-06-19 00:00:00",19858,
"2013-06-20 00:00:00",20943,
"2013-06-21 00:00:00",20684,
"2013-06-22 00:00:00",20969,
"2013-06-23 00:00:00",21730,
"2013-06-24 00:00:00",21171,
"2013-06-25 00:00:00",20665,
"2013-06-26 00:00:00",21314,
"2013-06-27 00:00:00",21113,
"2013-06-28 00:00:00",21202,
"2013-06-29 00:00:00",21035,
"2013-06-30 00:00:00",22091,
"2013-07-01 00:00:00",33522,
"2013-07-02 00:00:00",21586,
"2013-07-03 00:00:00",18379,
"2013-07-04 00:00:00",20139,
"2013-07-05 00:00:00",22992,
"2013-07-06 00:00:00",22724,
"2013-07-07 00:00:00",23801,
"2013-07-08 00:00:00",23744,
"2013-07-09 00:00:00",23314,
"2013-07-10 00:00:00",22396,
"2013-07-11 00:00:00",22552,
"2013-07-12 00:00:00",28912,
"2013-07-13 00:00:00",28655,
"2013-07-14 00:00:00",27892,
"2013-07-15 00:00:00",27578,
"2013-07-16 00:00:00",27312,
"2013-07-17 00:00:00",29345,
"2013-07-18 00:00:00",32068,
"2013-07-19 00:00:00",32113,
"2013-07-20 00:00:00",31462,
"2013-07-21 00:00:00",33568,
"2013-07-22 00:00:00",33484,
"2013-07-23 00:00:00",32736,
"2013-07-24 00:00:00",32087,
"2013-07-25 00:00:00",31528,
"2013-07-26 00:00:00",29945,
"2013-07-27 00:00:00",29566,
"2013-07-28 00:00:00",31140,
"2013-07-29 00:00:00",31601,
"2013-07-30 00:00:00",31736,
"2013-07-31 00:00:00",30529,
"2013-08-01 00:00:00",34321,
"2013-08-02 00:00:00",28984,
"2013-08-03 00:00:00",29294,
"2013-08-04 00:00:00",31204,
"2013-08-05 00:00:00",31269,
"2013-08-06 00:00:00",30932,
"2013-08-07 00:00:00",30133,
"2013-08-08 00:00:00",29714,
"2013-08-09 00:00:00",29880,
"2013-08-10 00:00:00",29518,
"2013-08-11 00:00:00",30009,
"2013-08-12 00:00:00",29918,
"2013-08-13 00:00:00",28978,
"2013-08-14 00:00:00",27059,
"2013-08-15 00:00:00",26454,
"2013-08-16 00:00:00",27258,
"2013-08-17 00:00:00",27965,
"2013-08-18 00:00:00",27432,
"2013-08-19 00:00:00",25305,
"2013-08-20 00:00:00",25100,
"2013-08-21 00:00:00",25199,
"2013-08-22 00:00:00",26657,
"2013-08-23 00:00:00",30168,
"2013-08-24 00:00:00",30301,
"2013-08-25 00:00:00",30332,
"2013-08-26 00:00:00",24702,
"2013-08-27 00:00:00",24177,
"2013-08-28 00:00:00",24305,
"2013-08-29 00:00:00",28001,
"2013-08-30 00:00:00",34346,
"2013-08-31 00:00:00",34159,
"2013-09-01 00:00:00",47070,
"2013-09-02 00:00:00",34610,
"2013-09-03 00:00:00",26645,
"2013-09-04 00:00:00",32860,
"2013-09-05 00:00:00",34792,
"2013-09-06 00:00:00",46419,
"2013-09-07 00:00:00",47243,
"2013-09-08 00:00:00",41513,
"2013-09-09 00:00:00",27144,
"2013-09-10 00:00:00",25832,
"2013-09-11 00:00:00",23520,
"2013-09-12 00:00:00",28287,
"2013-09-13 00:00:00",41788,
"2013-09-14 00:00:00",41672,
"2013-09-15 00:00:00",36151,
"2013-09-16 00:00:00",24512,
"2013-09-17 00:00:00",21051,
"2013-09-18 00:00:00",20807,
"2013-09-19 00:00:00",24461,
"2013-09-20 00:00:00",36570,
"2013-09-21 00:00:00",36912,
"2013-09-22 00:00:00",32572,
"2013-09-23 00:00:00",22629,
"2013-09-24 00:00:00",21643,
"2013-09-25 00:00:00",21864,
"2013-09-26 00:00:00",25830,
"2013-09-27 00:00:00",36110,
"2013-09-28 00:00:00",37428,
"2013-09-29 00:00:00",33001,
"2013-09-30 00:00:00",23858,
"2013-10-01 00:00:00",33252,
"2013-10-02 00:00:00",19911,
"2013-10-03 00:00:00",22382,
"2013-10-04 00:00:00",32365,
"2013-10-05 00:00:00",32419,
"2013-10-06 00:00:00",29565,
"2013-10-07 00:00:00",20724,
"2013-10-08 00:00:00",19663,
"2013-10-09 00:00:00",19440,
"2013-10-10 00:00:00",24196,
"2013-10-11 00:00:00",30603,
"2013-10-12 00:00:00",30858,
"2013-10-13 00:00:00",28046,
"2013-10-14 00:00:00",21643,
"2013-10-15 00:00:00",19748,
"2013-10-16 00:00:00",19545,
"2013-10-17 00:00:00",23865,
"2013-10-18 00:00:00",32605,
"2013-10-19 00:00:00",33491,
"2013-10-20 00:00:00",30518,
"2013-10-21 00:00:00",20954,
"2013-10-22 00:00:00",20062,
"2013-10-23 00:00:00",19796,
"2013-10-24 00:00:00",24417,
"2013-10-25 00:00:00",31471,
"2013-10-26 00:00:00",33511,
"2013-10-27 00:00:00",32815,
"2013-10-28 00:00:00",23855,
"2013-10-29 00:00:00",22430,
"2013-10-30 00:00:00",21693,
"2013-10-31 00:00:00",24307,
"2013-11-01 00:00:00",38574,
"2013-11-02 00:00:00",34766,
"2013-11-03 00:00:00",34008,
"2013-11-04 00:00:00",21908,
"2013-11-05 00:00:00",20336,
"2013-11-06 00:00:00",20020,
"2013-11-07 00:00:00",22477,
"2013-11-08 00:00:00",33636,
"2013-11-09 00:00:00",34432,
"2013-11-10 00:00:00",33474,
"2013-11-11 00:00:00",26191,
"2013-11-12 00:00:00",20934,
"2013-11-13 00:00:00",18080,
"2013-11-14 00:00:00",22203,
"2013-11-15 00:00:00",35573,
"2013-11-16 00:00:00",36404,
"2013-11-17 00:00:00",34959,
"2013-11-18 00:00:00",22479,
"2013-11-19 00:00:00",20902,
"2013-11-20 00:00:00",20877,
"2013-11-21 00:00:00",21591,
"2013-11-22 00:00:00",33082,
"2013-11-23 00:00:00",33147,
"2013-11-24 00:00:00",32477,
"2013-11-25 00:00:00",22451,
"2013-11-26 00:00:00",29427,
"2013-11-27 00:00:00",29427,
"2013-11-28 00:00:00",34496,
"2013-11-29 00:00:00",38120,
"2013-11-30 00:00:00",38626,
"2013-12-01 00:00:00",53559,
"2013-12-02 00:00:00",28334,
"2013-12-03 00:00:00",29601,
"2013-12-04 00:00:00",29116,
"2013-12-05 00:00:00",33156,
"2013-12-06 00:00:00",43109,
"2013-12-07 00:00:00",43577,
"2013-12-08 00:00:00",41004,
"2013-12-09 00:00:00",27101,
"2013-12-10 00:00:00",26304,
"2013-12-11 00:00:00",23760,
"2013-12-12 00:00:00",25478,
"2013-12-13 00:00:00",38758,
"2013-12-14 00:00:00",39000,
"2013-12-15 00:00:00",36775,
"2013-12-16 00:00:00",24513,
"2013-12-17 00:00:00",23801,
"2013-12-18 00:00:00",24342,
"2013-12-19 00:00:00",29944,
"2013-12-20 00:00:00",35831,
"2013-12-21 00:00:00",36567,
"2013-12-22 00:00:00",43633,
"2013-12-23 00:00:00",44518,
"2013-12-24 00:00:00",33701,
"2013-12-25 00:00:00",33334,
"2013-12-26 00:00:00",37285,
"2013-12-27 00:00:00",38547,
"2013-12-28 00:00:00",47281,
"2013-12-29 00:00:00",51837,
"2013-12-30 00:00:00",53910,
"2013-12-31 00:00:00",47598,
"2014-01-01 00:00:00",57327,
"2014-01-02 00:00:00",53234,
"2014-01-03 00:00:00",57391,
"2014-01-04 00:00:00",55113,
"2014-01-05 00:00:00",53277,
"2014-01-06 00:00:00",42116,
"2014-01-07 00:00:00",38606,
"2014-01-08 00:00:00",32972,
"2014-01-09 00:00:00",33408,
"2014-01-10 00:00:00",51232,
"2014-01-11 00:00:00",52574,
"2014-01-12 00:00:00",47786,
"2014-01-13 00:00:00",33125,
"2014-01-14 00:00:00",31152,
"2014-01-15 00:00:00",31679,
"2014-01-16 00:00:00",33246,
"2014-01-17 00:00:00",48093,
"2014-01-18 00:00:00",48851,
"2014-01-19 00:00:00",46074,
"2014-01-20 00:00:00",45107,
"2014-01-21 00:00:00",35495,
"2014-01-22 00:00:00",34218,
"2014-01-23 00:00:00",36317,
"2014-01-24 00:00:00",49987,
"2014-01-25 00:00:00",50813,
"2014-01-26 00:00:00",47351,
"2014-01-27 00:00:00",18677,
"2014-01-28 00:00:00",34123,
"2014-01-29 00:00:00",30993,
"2014-01-30 00:00:00",32027,
"2014-01-31 00:00:00",46551,
"2014-02-01 00:00:00",53387,
"2014-02-02 00:00:00",45113,
"2014-02-03 00:00:00",29855,
"2014-02-04 00:00:00",31010,
"2014-02-05 00:00:00",30186,
"2014-02-06 00:00:00",29783,
"2014-02-07 00:00:00",46926,
"2014-02-08 00:00:00",47342,
"2014-02-09 00:00:00",43550,
"2014-02-10 00:00:00",29668,
"2014-02-11 00:00:00",28118,
"2014-02-12 00:00:00",29566,
"2014-02-13 00:00:00",29249,
"2014-02-14 00:00:00",44718,
"2014-02-15 00:00:00",45702,
"2014-02-16 00:00:00",41530,
"2014-02-17 00:00:00",38649,
"2014-02-18 00:00:00",34564,
"2014-02-19 00:00:00",35158,
"2014-02-20 00:00:00",41427,
"2014-02-21 00:00:00",53619,
"2014-02-22 00:00:00",53843,
"2014-02-23 00:00:00",48897,
"2014-02-24 00:00:00",31171,
"2014-02-25 00:00:00",28584,
"2014-02-26 00:00:00",28930,
"2014-02-27 00:00:00",30301,
"2014-02-28 00:00:00",47151,
"2014-03-01 00:00:00",48190,
"2014-03-02 00:00:00",47310,
"2014-03-03 00:00:00",33265,
"2014-03-04 00:00:00",29148,
"2014-03-05 00:00:00",27791,
"2014-03-06 00:00:00",32754,
"2014-03-07 00:00:00",45353,
"2014-03-08 00:00:00",46927,
"2014-03-09 00:00:00",43720,
"2014-03-10 00:00:00",31007,
"2014-03-11 00:00:00",30678,
"2014-03-12 00:00:00",30515,
"2014-03-13 00:00:00",35168,
"2014-03-14 00:00:00",44853,
"2014-03-15 00:00:00",45652,
"2014-03-16 00:00:00",42726,
"2014-03-17 00:00:00",29551,
"2014-03-18 00:00:00",30014,
"2014-03-19 00:00:00",30282,
"2014-03-20 00:00:00",23530,
"2014-03-21 00:00:00",43008,
"2014-03-22 00:00:00",43748,
"2014-03-23 00:00:00",39551,
"2014-03-24 00:00:00",29264,
"2014-03-25 00:00:00",31614,
"2014-03-26 00:00:00",31815,
"2014-03-27 00:00:00",38539,
"2014-03-28 00:00:00",46727,
"2014-03-29 00:00:00",46833,
"2014-03-30 00:00:00",40005,
"2014-03-31 00:00:00",28738,
"2014-04-01 00:00:00",48674,
"2014-04-02 00:00:00",26615,
"2014-04-03 00:00:00",32883,
"2014-04-04 00:00:00",45075,
"2014-04-05 00:00:00",44824,
"2014-04-06 00:00:00",40293,
"2014-04-07 00:00:00",30442,
"2014-04-08 00:00:00",28769,
"2014-04-09 00:00:00",28387,
"2014-04-10 00:00:00",33787,
"2014-04-11 00:00:00",45119,
"2014-04-12 00:00:00",46714,
"2014-04-13 00:00:00",45084,
"2014-04-14 00:00:00",34796,
"2014-04-15 00:00:00",35391,
"2014-04-16 00:00:00",36959,
"2014-04-17 00:00:00",44081,
"2014-04-18 00:00:00",44403,
"2014-04-19 00:00:00",44265,
"2014-04-20 00:00:00",43154,
"2014-04-21 00:00:00",36015,
"2014-04-22 00:00:00",31148,
"2014-04-23 00:00:00",31054,
"2014-04-24 00:00:00",36594,
"2014-04-25 00:00:00",48759,
"2014-04-26 00:00:00",48167,
"2014-04-27 00:00:00",42923,
"2014-04-28 00:00:00",30067,
"2014-04-29 00:00:00",33293,
"2014-04-30 00:00:00",33953,
"2014-05-01 00:00:00",47497,
"2014-05-02 00:00:00",47044,
"2014-05-03 00:00:00",47367,
"2014-05-04 00:00:00",42882,
"2014-05-05 00:00:00",29046,
"2014-05-06 00:00:00",28127,
"2014-05-07 00:00:00",28048,
"2014-05-08 00:00:00",36002,
"2014-05-09 00:00:00",47832,
"2014-05-10 00:00:00",47353,
"2014-05-11 00:00:00",38813,
"2014-05-12 00:00:00",28909,
"2014-05-13 00:00:00",27701,
"2014-05-14 00:00:00",27336,
"2014-05-15 00:00:00",33143,
"2014-05-16 00:00:00",43494,
"2014-05-17 00:00:00",43580,
"2014-05-18 00:00:00",37941,
"2014-05-19 00:00:00",28626,
"2014-05-20 00:00:00",27592,
"2014-05-21 00:00:00",26867,
"2014-05-22 00:00:00",35647,
"2014-05-23 00:00:00",43787,
"2014-05-24 00:00:00",43431,
"2014-05-25 00:00:00",42082,
"2014-05-26 00:00:00",37439,
"2014-05-27 00:00:00",34465,
"2014-05-28 00:00:00",35253,
"2014-05-29 00:00:00",34567,
"2014-05-30 00:00:00",42166,
"2014-05-31 00:00:00",42526,
"2014-06-01 00:00:00",68101,
"2014-06-02 00:00:00",32370,
"2014-06-03 00:00:00",32823,
"2014-06-04 00:00:00",33246,
"2014-06-05 00:00:00",39688,
"2014-06-06 00:00:00",42373,
"2014-06-07 00:00:00",44465,
"2014-06-08 00:00:00",42572,
"2014-06-09 00:00:00",40182,
"2014-06-10 00:00:00",39108,
"2014-06-11 00:00:00",39650,
"2014-06-12 00:00:00",43702,
"2014-06-13 00:00:00",44784,
"2014-06-14 00:00:00",44466,
"2014-06-15 00:00:00",43258,
"2014-06-16 00:00:00",42894,
"2014-06-17 00:00:00",43721,
"2014-06-18 00:00:00",42719,
"2014-06-19 00:00:00",47153,
"2014-06-20 00:00:00",47163,
"2014-06-21 00:00:00",46132,
"2014-06-22 00:00:00",46669,
"2014-06-23 00:00:00",57384,
"2014-06-24 00:00:00",55283,
"2014-06-25 00:00:00",53913,
"2014-06-26 00:00:00",54213,
"2014-06-27 00:00:00",55718,
"2014-06-28 00:00:00",64285,
"2014-06-29 00:00:00",68473,
"2014-06-30 00:00:00",61757,
"2014-07-01 00:00:00",61425,
"2014-07-02 00:00:00",56011,
"2014-07-03 00:00:00",52635,
"2014-07-04 00:00:00",50900,
"2014-07-05 00:00:00",51345,
"2014-07-06 00:00:00",53531,
"2014-07-07 00:00:00",50096,
"2014-07-08 00:00:00",48257,
"2014-07-09 00:00:00",47081,
"2014-07-10 00:00:00",46071,
"2014-07-11 00:00:00",44762,
"2014-07-12 00:00:00",43479,
"2014-07-13 00:00:00",47984,
"2014-07-14 00:00:00",47181,
"2014-07-15 00:00:00",47368,
"2014-07-16 00:00:00",46161,
"2014-07-17 00:00:00",44646,
"2014-07-18 00:00:00",44656,
"2014-07-19 00:00:00",44839,
"2014-07-20 00:00:00",47998,
"2014-07-21 00:00:00",47375,
"2014-07-22 00:00:00",47143,
"2014-07-23 00:00:00",46877,
"2014-07-24 00:00:00",46669,
"2014-07-25 00:00:00",45802,
"2014-07-26 00:00:00",45321,
"2014-07-27 00:00:00",48985,
"2014-07-28 00:00:00",51216,
"2014-07-29 00:00:00",49508,
"2014-07-30 00:00:00",48787,
"2014-07-31 00:00:00",48038,
"2014-08-01 00:00:00",51503,
"2014-08-02 00:00:00",48571,
"2014-08-03 00:00:00",51003,
"2014-08-04 00:00:00",50683,
"2014-08-05 00:00:00",50613,
"2014-08-06 00:00:00",51017,
"2014-08-07 00:00:00",49528,
"2014-08-08 00:00:00",49200,
"2014-08-09 00:00:00",50364,
"2014-08-10 00:00:00",50119,
"2014-08-11 00:00:00",50654,
"2014-08-12 00:00:00",50654,
"2014-08-13 00:00:00",48064,
"2014-08-14 00:00:00",46355,
"2014-08-15 00:00:00",48861,
"2014-08-16 00:00:00",51733,
"2014-08-17 00:00:00",50879,
"2014-08-18 00:00:00",47521,
"2014-08-19 00:00:00",44557,
"2014-08-20 00:00:00",42942,
"2014-08-21 00:00:00",44434,
"2014-08-22 00:00:00",49396,
"2014-08-23 00:00:00",50776,
"2014-08-24 00:00:00",49163,
"2014-08-25 00:00:00",39032,
"2014-08-26 00:00:00",38276,
"2014-08-27 00:00:00",38152,
"2014-08-28 00:00:00",40889,
"2014-08-29 00:00:00",51350,
"2014-08-30 00:00:00",50468,
"2014-08-31 00:00:00",51972,
"2014-09-01 00:00:00",52741,
"2014-09-02 00:00:00",33403,
"2014-09-03 00:00:00",31590,
"2014-09-04 00:00:00",35633,
"2014-09-05 00:00:00",52543,
"2014-09-06 00:00:00",52681,
"2014-09-07 00:00:00",46412,
"2014-09-08 00:00:00",32069,
"2014-09-09 00:00:00",29729,
"2014-09-10 00:00:00",28936,
"2014-09-11 00:00:00",35640,
"2014-09-12 00:00:00",52826,
"2014-09-13 00:00:00",52436,
"2014-09-14 00:00:00",44178,
"2014-09-15 00:00:00",30189,
"2014-09-16 00:00:00",29266,
"2014-09-17 00:00:00",28286,
"2014-09-18 00:00:00",35487,
"2014-09-19 00:00:00",50766,
"2014-09-20 00:00:00",50482,
"2014-09-21 00:00:00",43063,
"2014-09-22 00:00:00",30376,
"2014-09-23 00:00:00",29632,
"2014-09-24 00:00:00",30168,
"2014-09-25 00:00:00",36916,
"2014-09-26 00:00:00",51761,
"2014-09-27 00:00:00",50784,
"2014-09-28 00:00:00",44667,
"2014-09-29 00:00:00",32388,
"2014-09-30 00:00:00",30005,
"2014-10-01 00:00:00",54617,
"2014-10-02 00:00:00",36928,
"2014-10-03 00:00:00",55207,
"2014-10-04 00:00:00",52632,
"2014-10-05 00:00:00",45533,
"2014-10-06 00:00:00",31604,
"2014-10-07 00:00:00",29686,
"2014-10-08 00:00:00",29493,
"2014-10-09 00:00:00",38274,
"2014-10-10 00:00:00",51190,
"2014-10-11 00:00:00",50606,
"2014-10-12 00:00:00",44672,
"2014-10-13 00:00:00",35226,
"2014-10-14 00:00:00",30481,
"2014-10-15 00:00:00",30326,
"2014-10-16 00:00:00",35221,
"2014-10-17 00:00:00",48735,
"2014-10-18 00:00:00",48697,
"2014-10-19 00:00:00",43877,
"2014-10-20 00:00:00",30283,
"2014-10-21 00:00:00",29138,
"2014-10-22 00:00:00",28573,
"2014-10-23 00:00:00",35832,
"2014-10-24 00:00:00",48751,
"2014-10-25 00:00:00",51683,
"2014-10-26 00:00:00",50031,
"2014-10-27 00:00:00",34458,
"2014-10-28 00:00:00",34677,
"2014-10-29 00:00:00",35216,
"2014-10-30 00:00:00",34506,
"2014-10-31 00:00:00",51987,
"2014-11-01 00:00:00",60734,
"2014-11-02 00:00:00",50317,
"2014-11-03 00:00:00",31836,
"2014-11-04 00:00:00",30366,
"2014-11-05 00:00:00",27517,
"2014-11-06 00:00:00",33906,
"2014-11-07 00:00:00",50799,
"2014-11-08 00:00:00",50573,
"2014-11-09 00:00:00",48415,
"2014-11-10 00:00:00",36880,
"2014-11-11 00:00:00",35257,
"2014-11-12 00:00:00",26689,
"2014-11-13 00:00:00",32061,
"2014-11-14 00:00:00",51401,
"2014-11-15 00:00:00",51380,
"2014-11-16 00:00:00",48622,
"2014-11-17 00:00:00",30171,
"2014-11-18 00:00:00",28438,
"2014-11-19 00:00:00",28405,
"2014-11-20 00:00:00",31505,
"2014-11-21 00:00:00",36440,
"2014-11-22 00:00:00",48391,
"2014-11-23 00:00:00",45759,
"2014-11-24 00:00:00",31700,
"2014-11-25 00:00:00",40756,
"2014-11-26 00:00:00",39979,
"2014-11-27 00:00:00",48979,
"2014-11-28 00:00:00",57428,
"2014-11-29 00:00:00",61574,
"2014-11-30 00:00:00",58262,
"2014-12-01 00:00:00",59773,
"2014-12-02 00:00:00",32568,
"2014-12-03 00:00:00",31833,
"2014-12-04 00:00:00",37700,
"2014-12-05 00:00:00",42608,
"2014-12-06 00:00:00",55567,
"2014-12-07 00:00:00",53535,
"2014-12-08 00:00:00",33635,
"2014-12-09 00:00:00",31728,
"2014-12-10 00:00:00",31029,
"2014-12-11 00:00:00",35317,
"2014-12-12 00:00:00",54793,
"2014-12-13 00:00:00",54666,
"2014-12-14 00:00:00",50494,
"2014-12-15 00:00:00",32743,
"2014-12-16 00:00:00",32269,
"2014-12-17 00:00:00",33482,
"2014-12-18 00:00:00",40969,
"2014-12-19 00:00:00",49430,
"2014-12-20 00:00:00",49574,
"2014-12-21 00:00:00",50822,
"2014-12-22 00:00:00",54015,
"2014-12-23 00:00:00",55714,
"2014-12-24 00:00:00",49942,
"2014-12-25 00:00:00",54909,
"2014-12-26 00:00:00",57282,
"2014-12-27 00:00:00",57260,
"2014-12-28 00:00:00",58636,
"2014-12-29 00:00:00",59332,
"2014-12-30 00:00:00",59855,
"2014-12-31 00:00:00",66599,
"2015-01-01 00:00:00",73750,
"2015-01-02 00:00:00",69242,
"2015-01-03 00:00:00",70114,
"2015-01-04 00:00:00",67609,
"2015-01-05 00:00:00",49894,
"2015-01-06 00:00:00",44526,
"2015-01-07 00:00:00",45230,
"2015-01-08 00:00:00",48258,
"2015-01-09 00:00:00",68618,
"2015-01-10 00:00:00",68618,
"2015-01-11 00:00:00",63089,
"2015-01-12 00:00:00",40411,
"2015-01-13 00:00:00",39126,
"2015-01-14 00:00:00",37861,
"2015-01-15 00:00:00",45297,
"2015-01-16 00:00:00",64410,
"2015-01-17 00:00:00",64521,
"2015-01-18 00:00:00",58959,
"2015-01-19 00:00:00",49668,
"2015-01-20 00:00:00",38811,
"2015-01-21 00:00:00",38579,
"2015-01-22 00:00:00",45518,
"2015-01-23 00:00:00",64657,
"2015-01-24 00:00:00",64482,
"2015-01-25 00:00:00",58212,
"2015-01-26 00:00:00",41437,
"2015-01-27 00:00:00",38456,
"2015-01-28 00:00:00",36983,
"2015-01-29 00:00:00",43031,
"2015-01-30 00:00:00",61202,
"2015-01-31 00:00:00",61300,
"2015-02-01 00:00:00",67527,
"2015-02-02 00:00:00",41649,
"2015-02-03 00:00:00",32712,
"2015-02-04 00:00:00",33396,
"2015-02-05 00:00:00",37233,
"2015-02-06 00:00:00",37233,
"2015-02-07 00:00:00",37233,
"2015-02-08 00:00:00",37233,
"2015-02-09 00:00:00",37233,
"2015-02-10 00:00:00",35027,
"2015-02-11 00:00:00",14478,
"2015-02-12 00:00:00",14478,
"2015-02-13 00:00:00",60120,
"2015-02-14 00:00:00",66030,
"2015-02-15 00:00:00",63834,
"2015-02-16 00:00:00",,
"2015-02-17 00:00:00",45737,
"2015-02-18 00:00:00",46241,
"2015-02-19 00:00:00",51903,
"2015-02-20 00:00:00",66213,
"2015-02-21 00:00:00",66942,
"2015-02-22 00:00:00",62002,
"2015-02-23 00:00:00",40109,
"2015-02-24 00:00:00",38333,
"2015-02-25 00:00:00",,
"2015-02-26 00:00:00",,
"2015-02-27 00:00:00",,
"2015-02-28 00:00:00",,
"2015-03-01 00:00:00",65458,
"2015-03-02 00:00:00",,
"2015-03-03 00:00:00",,
"2015-03-04 00:00:00",,
"2015-03-05 00:00:00",,
"2015-03-06 00:00:00",,
"2015-03-07 00:00:00",,
"2015-03-08 00:00:00",,
"2015-03-09 00:00:00",,
"2015-03-10 00:00:00",,
"2015-03-11 00:00:00",,
"2015-03-12 00:00:00",,
"2015-03-13 00:00:00",,
"2015-03-14 00:00:00",,
"2015-03-15 00:00:00",,
"2015-03-16 00:00:00",,
"2015-03-17 00:00:00",,
"2015-03-18 00:00:00",,
"2015-03-19 00:00:00",45969,
"2015-03-20 00:00:00",56695,
"2015-03-21 00:00:00",58204,
"2015-03-22 00:00:00",50376,
"2015-03-23 00:00:00",37943,
"2015-03-24 00:00:00",36904,
"2015-03-25 00:00:00",37008,
"2015-03-26 00:00:00",36553,
"2015-03-27 00:00:00",,
"2015-03-28 00:00:00",,
"2015-03-29 00:00:00",41345,
"2015-03-30 00:00:00",41223,
"2015-03-31 00:00:00",40201,
"2015-04-01 00:00:00",59154,
"2015-04-02 00:00:00",54072,
"2015-04-03 00:00:00",56832,
"2015-04-04 00:00:00",54390,
"2015-04-05 00:00:00",50815,
"2015-04-06 00:00:00",43684,
"2015-04-07 00:00:00",40979,
"2015-04-08 00:00:00",40569,
"2015-04-09 00:00:00",47065,
"2015-04-10 00:00:00",59028,
"2015-04-11 00:00:00",57785,
"2015-04-12 00:00:00",46954,
"2015-04-13 00:00:00",31596,
"2015-04-14 00:00:00",,
"2015-04-15 00:00:00",30707,
"2015-04-16 00:00:00",37915,
"2015-04-17 00:00:00",52322,
"2015-04-18 00:00:00",52134,
"2015-04-19 00:00:00",52240,
"2015-04-20 00:00:00",38556,
"2015-04-21 00:00:00",32000,
"2015-04-22 00:00:00",31258,
"2015-04-23 00:00:00",37543,
"2015-04-24 00:00:00",52820,
"2015-04-25 00:00:00",52819,
"2015-04-26 00:00:00",52046,
"2015-04-27 00:00:00",38803,
"2015-04-28 00:00:00",31216,
"2015-04-29 00:00:00",33939,
"2015-04-30 00:00:00",37570,
"2015-05-01 00:00:00",49475,
"2015-05-02 00:00:00",50452,
"2015-05-03 00:00:00",50450,
"2015-05-04 00:00:00",39165,
"2015-05-05 00:00:00",31096,
"2015-05-06 00:00:00",31022,
"2015-05-07 00:00:00",36363,
"2015-05-08 00:00:00",49633,
"2015-05-09 00:00:00",49632,
"2015-05-10 00:00:00",48660,
"2015-05-11 00:00:00",34042,
"2015-05-12 00:00:00",32602,
"2015-05-13 00:00:00",32716,
"2015-05-14 00:00:00",38683,
"2015-05-15 00:00:00",52285,
"2015-05-16 00:00:00",52290,
"2015-05-17 00:00:00",51876,
"2015-05-18 00:00:00",36126,
"2015-05-19 00:00:00",31880,
"2015-05-20 00:00:00",31597,
"2015-05-21 00:00:00",39757,
"2015-05-22 00:00:00",49863,
"2015-05-23 00:00:00",49831,
"2015-05-24 00:00:00",49903,
"2015-05-25 00:00:00",48825,
"2015-05-26 00:00:00",38113,
"2015-05-27 00:00:00",34820,
"2015-05-28 00:00:00",41346,
"2015-05-29 00:00:00",46979,
"2015-05-30 00:00:00",51156,
"2015-05-31 00:00:00",50986,
"2015-06-01 00:00:00",38179,
"2015-06-02 00:00:00",36880,
"2015-06-03 00:00:00",38183,
"2015-06-04 00:00:00",43182,
"2015-06-05 00:00:00",46586,
"2015-06-06 00:00:00",47282,
"2015-06-07 00:00:00",47281,
"2015-06-08 00:00:00",41818,
"2015-06-09 00:00:00",41431,
"2015-06-10 00:00:00",40349,
"2015-06-11 00:00:00",39637,
"2015-06-12 00:00:00",43820,
"2015-06-13 00:00:00",45008,
"2015-06-14 00:00:00",44975,
"2015-06-15 00:00:00",46849,
"2015-06-16 00:00:00",47951,
"2015-06-17 00:00:00",47949,
"2015-06-18 00:00:00",48096,
"2015-06-19 00:00:00",48095,
"2015-06-20 00:00:00",47062,
"2015-06-21 00:00:00",47916,
"2015-06-22 00:00:00",50878,
"2015-06-23 00:00:00",49947,
"2015-06-24 00:00:00",49078,
"2015-06-25 00:00:00",48861,
"2015-06-26 00:00:00",48888,
"2015-06-27 00:00:00",49214,
"2015-06-28 00:00:00",51577,
"2015-06-29 00:00:00",51536,
"2015-06-30 00:00:00",49004,
"2015-07-01 00:00:00",46495,
"2015-07-02 00:00:00",46131,
"2015-07-03 00:00:00",44014,
"2015-07-04 00:00:00",44344,
"2015-07-05 00:00:00",47161,
"2015-07-06 00:00:00",48417,
"2015-07-07 00:00:00",48495,
"2015-07-08 00:00:00",48031,
"2015-07-09 00:00:00",47316,
"2015-07-10 00:00:00",46455,
"2015-07-11 00:00:00",44731,
"2015-07-12 00:00:00",47055,
"2015-07-13 00:00:00",47163,
"2015-07-14 00:00:00",47162,
"2015-07-15 00:00:00",46555,
"2015-07-16 00:00:00",45723,
"2015-07-17 00:00:00",45620,
"2015-07-18 00:00:00",45065,
"2015-07-19 00:00:00",48165,
"2015-07-20 00:00:00",48455,
"2015-07-21 00:00:00",48407,
"2015-07-22 00:00:00",48115,
"2015-07-23 00:00:00",47884,
"2015-07-24 00:00:00",47043,
"2015-07-25 00:00:00",47352,
"2015-07-26 00:00:00",50654,
"2015-07-27 00:00:00",50419,
"2015-07-28 00:00:00",50649,
"2015-07-29 00:00:00",48854,
"2015-07-30 00:00:00",53409,
"2015-07-31 00:00:00",53414,
"2015-08-01 00:00:00",56685,
"2015-08-02 00:00:00",58194,
"2015-08-03 00:00:00",57785,
"2015-08-04 00:00:00",56388,
"2015-08-05 00:00:00",53546,
"2015-08-06 00:00:00",52445,
"2015-08-07 00:00:00",51062,
"2015-08-08 00:00:00",52483,
"2015-08-09 00:00:00",53205,
"2015-08-10 00:00:00",53205,
"2015-08-11 00:00:00",51323,
"2015-08-12 00:00:00",48908,
"2015-08-13 00:00:00",48304,
"2015-08-14 00:00:00",50088,
"2015-08-15 00:00:00",52147,
"2015-08-16 00:00:00",52330,
"2015-08-17 00:00:00",49737,
"2015-08-18 00:00:00",48208,
"2015-08-19 00:00:00",45772,
"2015-08-20 00:00:00",44373,
"2015-08-21 00:00:00",49762,
"2015-08-22 00:00:00",49477,
"2015-08-23 00:00:00",50836,
"2015-08-24 00:00:00",44551,
"2015-08-25 00:00:00",42580,
"2015-08-26 00:00:00",41277,
"2015-08-27 00:00:00",41513,
"2015-08-28 00:00:00",50423,
"2015-08-29 00:00:00",52668,
"2015-08-30 00:00:00",52663,
"2015-08-31 00:00:00",43687,
"2015-09-01 00:00:00",36953,
"2015-09-02 00:00:00",35039,
"2015-09-03 00:00:00",39373,
"2015-09-04 00:00:00",51489,
"2015-09-05 00:00:00",51555,
"2015-09-06 00:00:00",50448,
"2015-09-07 00:00:00",49357,
"2015-09-08 00:00:00",37212,
"2015-09-09 00:00:00",28851,
"2015-09-10 00:00:00",33745,
"2015-09-11 00:00:00",48851,
"2015-09-12 00:00:00",50010,
"2015-09-13 00:00:00",49394,
"2015-09-14 00:00:00",37765,
"2015-09-15 00:00:00",29483,
"2015-09-16 00:00:00",28677,
"2015-09-17 00:00:00",34823,
"2015-09-18 00:00:00",49311,
"2015-09-19 00:00:00",49136,
"2015-09-20 00:00:00",48692,
"2015-09-21 00:00:00",35698,
"2015-09-22 00:00:00",31063,
"2015-09-23 00:00:00",31063,
"2015-09-24 00:00:00",34637,
"2015-09-25 00:00:00",48094,
"2015-09-26 00:00:00",48300,
"2015-09-27 00:00:00",48223,
"2015-09-28 00:00:00",34768,
"2015-09-29 00:00:00",27501,
"2015-09-30 00:00:00",27134,
"2015-10-01 00:00:00",33376,
"2015-10-02 00:00:00",48355,
"2015-10-03 00:00:00",48277,
"2015-10-04 00:00:00",47126,
"2015-10-05 00:00:00",35315,
"2015-10-06 00:00:00",28450,
"2015-10-07 00:00:00",28072,
"2015-10-08 00:00:00",35762,
"2015-10-09 00:00:00",48237,
"2015-10-10 00:00:00",48237,
"2015-10-11 00:00:00",47384,
"2015-10-12 00:00:00",37521,
"2015-10-13 00:00:00",29875,
"2015-10-14 00:00:00",28562,
"2015-10-15 00:00:00",36135,
"2015-10-16 00:00:00",48346,
"2015-10-17 00:00:00",49205,
"2015-10-18 00:00:00",49197,
"2015-10-19 00:00:00",37762,
"2015-10-20 00:00:00",29015,
"2015-10-21 00:00:00",29581,
"2015-10-22 00:00:00",37188,
"2015-10-23 00:00:00",49297,
"2015-10-24 00:00:00",50686,
"2015-10-25 00:00:00",50740,
"2015-10-26 00:00:00",39643,
"2015-10-27 00:00:00",34083,
"2015-10-28 00:00:00",34537,
"2015-10-29 00:00:00",37347,
"2015-10-30 00:00:00",44777,
"2015-10-31 00:00:00",46867,
"2015-11-01 00:00:00",46698,
"2015-11-02 00:00:00",34664,
"2015-11-03 00:00:00",31184,
"2015-11-04 00:00:00",28435,
"2015-11-05 00:00:00",33402,
"2015-11-06 00:00:00",48941,
"2015-11-07 00:00:00",48791,
"2015-11-08 00:00:00",47105,
"2015-11-09 00:00:00",33985,
"2015-11-10 00:00:00",32317,
"2015-11-11 00:00:00",32230,
"2015-11-12 00:00:00",31611,
"2015-11-13 00:00:00",46701,
"2015-11-14 00:00:00",46705,
"2015-11-15 00:00:00",45204,
"2015-11-16 00:00:00",32003,
"2015-11-17 00:00:00",26754,
"2015-11-18 00:00:00",26688,
"2015-11-19 00:00:00",33348,
"2015-11-20 00:00:00",49703,
"2015-11-21 00:00:00",49757,
"2015-11-22 00:00:00",48259,
"2015-11-23 00:00:00",34154,
"2015-11-24 00:00:00",41601,
"2015-11-25 00:00:00",42389,
"2015-11-26 00:00:00",54234,
"2015-11-27 00:00:00",60723,
"2015-11-28 00:00:00",60907,
"2015-11-29 00:00:00",59608,
"2015-11-30 00:00:00",42243,
"2015-12-01 00:00:00",37628,
"2015-12-02 00:00:00",35604,
"2015-12-03 00:00:00",40319,
"2015-12-04 00:00:00",56453,
"2015-12-05 00:00:00",56453,
"2015-12-06 00:00:00",52907,
"2015-12-07 00:00:00",38370,
"2015-12-08 00:00:00",31940,
"2015-12-09 00:00:00",30113,
"2015-12-10 00:00:00",36285,
"2015-12-11 00:00:00",37904,
"2015-12-12 00:00:00",53549,
"2015-12-13 00:00:00",52265,
"2015-12-14 00:00:00",37527,
"2015-12-15 00:00:00",32029,
"2015-12-16 00:00:00",30438,
"2015-12-17 00:00:00",39032,
"2015-12-18 00:00:00",50009,
"2015-12-19 00:00:00",50102,
"2015-12-20 00:00:00",50069,
"2015-12-21 00:00:00",51466,
"2015-12-22 00:00:00",56339,
"2015-12-23 00:00:00",56432,
"2015-12-24 00:00:00",50467,
"2015-12-25 00:00:00",52347,
"2015-12-26 00:00:00",56358,
"2015-12-27 00:00:00",61154,
"2015-12-28 00:00:00",63310,
"2015-12-29 00:00:00",65372,
"2015-12-30 00:00:00",65324,
"2015-12-31 00:00:00",66640,
"2016-01-01 00:00:00",67756,
"2016-01-02 00:00:00",68276,
"2016-01-03 00:00:00",66788,
"2016-01-04 00:00:00",55830,
"2016-01-05 00:00:00",49242,
"2016-01-06 00:00:00",47206,
"2016-01-07 00:00:00",50795,
"2016-01-08 00:00:00",69794,
"2016-01-09 00:00:00",69888,
"2016-01-10 00:00:00",66301,
"2016-01-11 00:00:00",46599,
"2016-01-12 00:00:00",41019,
"2016-01-13 00:00:00",39694,
"2016-01-14 00:00:00",48839,
"2016-01-15 00:00:00",66274,
"2016-01-16 00:00:00",66041,
"2016-01-17 00:00:00",63839,
"2016-01-18 00:00:00",60228,
"2016-01-19 00:00:00",45263,
"2016-01-20 00:00:00",41228,
"2016-01-21 00:00:00",50213,
"2016-01-22 00:00:00",67163,
"2016-01-23 00:00:00",67180,
"2016-01-24 00:00:00",64738,
"2016-01-25 00:00:00",46965,
"2016-01-26 00:00:00",43351,
"2016-01-27 00:00:00",43015,
"2016-01-28 00:00:00",49403,
"2016-01-29 00:00:00",66349,
"2016-01-30 00:00:00",66347,
"2016-01-31 00:00:00",65140,
"2016-02-01 00:00:00",45533,
"2016-02-02 00:00:00",40745,
"2016-02-03 00:00:00",40528,
"2016-02-04 00:00:00",47473,
"2016-02-05 00:00:00",64523,
"2016-02-06 00:00:00",64904,
"2016-02-07 00:00:00",64930,
"2016-02-08 00:00:00",46299,
"2016-02-09 00:00:00",44020,
"2016-02-10 00:00:00",41757,
"2016-02-11 00:00:00",50868,
"2016-02-12 00:00:00",64616,
"2016-02-13 00:00:00",64738,
"2016-02-14 00:00:00",62852,
"2016-02-15 00:00:00",59112,
"2016-02-16 00:00:00",47750,
"2016-02-17 00:00:00",42674,
"2016-02-18 00:00:00",45426,
"2016-02-19 00:00:00",59892,
"2016-02-20 00:00:00",60969,
"2016-02-21 00:00:00",60969,
"2016-02-22 00:00:00",43690,
"2016-02-23 00:00:00",38153,
"2016-02-24 00:00:00",38093,
"2016-02-25 00:00:00",43751,
"2016-02-26 00:00:00",60757,
"2016-02-27 00:00:00",60757,
"2016-02-28 00:00:00",58400,
"2016-02-29 00:00:00",40923,
"2016-03-01 00:00:00",37282,
"2016-03-02 00:00:00",37284,
"2016-03-03 00:00:00",42698,
"2016-03-04 00:00:00",58159,
"2016-03-05 00:00:00",58252,
"2016-03-06 00:00:00",58183,
"2016-03-07 00:00:00",39535,
"2016-03-08 00:00:00",35136,
"2016-03-09 00:00:00",34075,
"2016-03-10 00:00:00",41755,
"2016-03-11 00:00:00",57007,
"2016-03-12 00:00:00",57351,
"2016-03-13 00:00:00",56960,
"2016-03-14 00:00:00",39166,
"2016-03-15 00:00:00",37593,
"2016-03-16 00:00:00",37367,
"2016-03-17 00:00:00",47372,
"2016-03-18 00:00:00",57744,
"2016-03-19 00:00:00",57874,
"2016-03-20 00:00:00",57775,
"2016-03-21 00:00:00",42026,
"2016-03-22 00:00:00",41762,
"2016-03-23 00:00:00",45319,
"2016-03-24 00:00:00",53910,
"2016-03-25 00:00:00",54527,
"2016-03-26 00:00:00",54351,
"2016-03-27 00:00:00",52035,
"2016-03-28 00:00:00",48133,
"2016-03-29 00:00:00",40442,
"2016-03-30 00:00:00",40510,
"2016-03-31 00:00:00",44968,
"2016-04-01 00:00:00",56547,
"2016-04-02 00:00:00",56562,
"2016-04-03 00:00:00",55331,
"2016-04-04 00:00:00",41604,
"2016-04-05 00:00:00",36761,
"2016-04-06 00:00:00",36862,
"2016-04-07 00:00:00",43706,
"2016-04-08 00:00:00",59069,
"2016-04-09 00:00:00",59069,
"2016-04-10 00:00:00",57813,
"2016-04-11 00:00:00",41872,
"2016-04-12 00:00:00",38654,
"2016-04-13 00:00:00",39928,
"2016-04-14 00:00:00",44476,
"2016-04-15 00:00:00",58809,
"2016-04-16 00:00:00",58904,
"2016-04-17 00:00:00",57411,
"2016-04-18 00:00:00",38508,
"2016-04-19 00:00:00",36662,
"2016-04-20 00:00:00",36060,
"2016-04-21 00:00:00",42040,
"2016-04-22 00:00:00",56550,
"2016-04-23 00:00:00",57059,
"2016-04-24 00:00:00",56962,
"2016-04-25 00:00:00",39684,
"2016-04-26 00:00:00",36689,
"2016-04-27 00:00:00",35815,
"2016-04-28 00:00:00",40309,
"2016-04-29 00:00:00",56638,
"2016-04-30 00:00:00",58486,
"2016-05-01 00:00:00",58486,
"2016-05-02 00:00:00",44315,
"2016-05-03 00:00:00",37249,
"2016-05-04 00:00:00",37249,
"2016-05-05 00:00:00",39195,
"2016-05-06 00:00:00",52438,
"2016-05-07 00:00:00",52433,
"2016-05-08 00:00:00",51036,
"2016-05-09 00:00:00",34628,
"2016-05-10 00:00:00",32874,
"2016-05-11 00:00:00",32475,
"2016-05-12 00:00:00",39089,
"2016-05-13 00:00:00",54232,
"2016-05-14 00:00:00",55666,
"2016-05-15 00:00:00",55539,
"2016-05-16 00:00:00",43489,
"2016-05-17 00:00:00",35191,
"2016-05-18 00:00:00",35076,
"2016-05-19 00:00:00",41645,
"2016-05-20 00:00:00",54028,
"2016-05-21 00:00:00",54028,
"2016-05-22 00:00:00",53698,
"2016-05-23 00:00:00",38485,
"2016-05-24 00:00:00",37690,
"2016-05-25 00:00:00",38542,
"2016-05-26 00:00:00",45770,
"2016-05-27 00:00:00",51996,
"2016-05-28 00:00:00",51985,
"2016-05-29 00:00:00",51293,
"2016-05-30 00:00:00",48860,
"2016-05-31 00:00:00",41872,
"2016-06-01 00:00:00",41575,
"2016-06-02 00:00:00",48429,
"2016-06-03 00:00:00",53014,
"2016-06-04 00:00:00",54203,
"2016-06-05 00:00:00",54067,
"2016-06-06 00:00:00",44034,
"2016-06-07 00:00:00",43665,
"2016-06-08 00:00:00",44376,
"2016-06-09 00:00:00",48554,
"2016-06-10 00:00:00",52140,
"2016-06-11 00:00:00",52396,
"2016-06-12 00:00:00",51906,
"2016-06-13 00:00:00",47525,
"2016-06-14 00:00:00",47515,
"2016-06-15 00:00:00",46880,
"2016-06-16 00:00:00",49840,
"2016-06-17 00:00:00",50638,
"2016-06-18 00:00:00",50592,
"2016-06-19 00:00:00",50769,
"2016-06-20 00:00:00",50769,
"2016-06-21 00:00:00",50469,
"2016-06-22 00:00:00",49868,
"2016-06-23 00:00:00",52795,
"2016-06-24 00:00:00",53482,
"2016-06-25 00:00:00",57696,
"2016-06-26 00:00:00",59217,
"2016-06-27 00:00:00",59819,
"2016-06-28 00:00:00",59819,
"2016-06-29 00:00:00",58861,
"2016-06-30 00:00:00",58508,
"2016-07-01 00:00:00",57517,
"2016-07-02 00:00:00",57017,
"2016-07-03 00:00:00",59522,
"2016-07-04 00:00:00",59522,
"2016-07-05 00:00:00",58040,
"2016-07-06 00:00:00",57169,
"2016-07-07 00:00:00",55386,
"2016-07-08 00:00:00",55120,
"2016-07-09 00:00:00",51990,
"2016-07-10 00:00:00",55408,
"2016-07-11 00:00:00",55409,
"2016-07-12 00:00:00",53806,
"2016-07-13 00:00:00",51628,
"2016-07-14 00:00:00",50808,
"2016-07-15 00:00:00",50480,
"2016-07-16 00:00:00",50066,
"2016-07-17 00:00:00",52079,
"2016-07-18 00:00:00",51843,
"2016-07-19 00:00:00",51193,
"2016-07-20 00:00:00",51524,
"2016-07-21 00:00:00",50891,
"2016-07-22 00:00:00",49864,
"2016-07-23 00:00:00",47660,
"2016-07-24 00:00:00",49227,
"2016-07-25 00:00:00",52204,
"2016-07-26 00:00:00",51340,
"2016-07-27 00:00:00",51423,
"2016-07-28 00:00:00",52755,
"2016-07-29 00:00:00",50853,
"2016-07-30 00:00:00",49395,
"2016-07-31 00:00:00",51694,
"2016-08-01 00:00:00",53325,
"2016-08-02 00:00:00",53140,
"2016-08-03 00:00:00",51793,
"2016-08-04 00:00:00",51538,
"2016-08-05 00:00:00",50107,
"2016-08-06 00:00:00",49036,
"2016-08-07 00:00:00",50819,
"2016-08-08 00:00:00",52107,
"2016-08-09 00:00:00",51947,
"2016-08-10 00:00:00",50690,
"2016-08-11 00:00:00",49673,
"2016-08-12 00:00:00",49484,
"2016-08-13 00:00:00",50762,
"2016-08-14 00:00:00",52072,
"2016-08-15 00:00:00",50115,
"2016-08-16 00:00:00",49983,
"2016-08-17 00:00:00",48887,
"2016-08-18 00:00:00",47767,
"2016-08-19 00:00:00",47476,
"2016-08-20 00:00:00",52713,
"2016-08-21 00:00:00",55445,
"2016-08-22 00:00:00",48047,
"2016-08-23 00:00:00",46103,
"2016-08-24 00:00:00",45155,
"2016-08-25 00:00:00",45324,
"2016-08-26 00:00:00",46309,
"2016-08-27 00:00:00",53585,
"2016-08-28 00:00:00",56748,
"2016-08-29 00:00:00",48080,
"2016-08-30 00:00:00",46581,
"2016-08-31 00:00:00",43003,
"2016-09-01 00:00:00",40117,
"2016-09-02 00:00:00",42783,
"2016-09-03 00:00:00",53570,
"2016-09-04 00:00:00",52517,
"2016-09-05 00:00:00",50201,
"2016-09-06 00:00:00",35199,
"2016-09-07 00:00:00",33526,
"2016-09-08 00:00:00",31838,
"2016-09-09 00:00:00",37665,
"2016-09-10 00:00:00",52868,
"2016-09-11 00:00:00",53266,
"2016-09-12 00:00:00",35590,
"2016-09-13 00:00:00",32041,
"2016-09-14 00:00:00",30861,
"2016-09-15 00:00:00",30806,
"2016-09-16 00:00:00",37186,
"2016-09-17 00:00:00",52412,
"2016-09-18 00:00:00",51939,
"2016-09-19 00:00:00",32965,
"2016-09-20 00:00:00",30979,
"2016-09-21 00:00:00",31059,
"2016-09-22 00:00:00",30123,
"2016-09-23 00:00:00",35837,
"2016-09-24 00:00:00",49798,
"2016-09-25 00:00:00",49830,
"2016-09-26 00:00:00",31999,
"2016-09-27 00:00:00",30603,
"2016-09-28 00:00:00",30730,
"2016-09-29 00:00:00",29322,
"2016-09-30 00:00:00",36111,
"2016-10-01 00:00:00",51015,
"2016-10-02 00:00:00",50647,
"2016-10-03 00:00:00",34789,
"2016-10-04 00:00:00",31108,
"2016-10-05 00:00:00",30817,
"2016-10-06 00:00:00",30533,
"2016-10-07 00:00:00",37995,
"2016-10-08 00:00:00",49482,
"2016-10-09 00:00:00",48530,
"2016-10-10 00:00:00",36168,
"2016-10-11 00:00:00",29898,
"2016-10-12 00:00:00",31938,
"2016-10-13 00:00:00",30240,
"2016-10-14 00:00:00",37119,
"2016-10-15 00:00:00",49925,
"2016-10-16 00:00:00",48573,
"2016-10-17 00:00:00",33177,
"2016-10-18 00:00:00",30680,
"2016-10-19 00:00:00",32679,
"2016-10-20 00:00:00",33193,
"2016-10-21 00:00:00",39807,
"2016-10-22 00:00:00",50736,
"2016-10-23 00:00:00",50246,
"2016-10-24 00:00:00",36384,
"2016-10-25 00:00:00",32863,
"2016-10-26 00:00:00",32338,
"2016-10-27 00:00:00",33170,
"2016-10-28 00:00:00",36235,
"2016-10-29 00:00:00",48126,
"2016-10-30 00:00:00",50058,
"2016-10-31 00:00:00",35638,
"2016-11-01 00:00:00",35841,
"2016-11-02 00:00:00",33975,
"2016-11-03 00:00:00",32125,
"2016-11-04 00:00:00",41278,
"2016-11-05 00:00:00",52197,
"2016-11-06 00:00:00",52217,
"2016-11-07 00:00:00",32363,
"2016-11-08 00:00:00",35501,
"2016-11-09 00:00:00",31203,
"2016-11-10 00:00:00",32289,
"2016-11-11 00:00:00",44696,
"2016-11-12 00:00:00",54210,
"2016-11-13 00:00:00",52066,
"2016-11-14 00:00:00",33801,
"2016-11-15 00:00:00",32098,
"2016-11-16 00:00:00",32291,
"2016-11-17 00:00:00",30939,
"2016-11-18 00:00:00",37797,
"2016-11-19 00:00:00",51989,
"2016-11-20 00:00:00",50402,
"2016-11-21 00:00:00",36685,
"2016-11-22 00:00:00",37112,
"2016-11-23 00:00:00",43438,
"2016-11-24 00:00:00",41504,
"2016-11-25 00:00:00",50922,
"2016-11-26 00:00:00",56678,
"2016-11-27 00:00:00",54051,
"2016-11-28 00:00:00",35433,
"2016-11-29 00:00:00",34704,
"2016-11-30 00:00:00",34088,
"2016-12-01 00:00:00",32984,
"2016-12-02 00:00:00",40389,
"2016-12-03 00:00:00",55919,
"2016-12-04 00:00:00",54131,
"2016-12-05 00:00:00",35951,
"2016-12-06 00:00:00",34412,
"2016-12-07 00:00:00",34611,
"2016-12-08 00:00:00",34398,
"2016-12-09 00:00:00",41565,
"2016-12-10 00:00:00",57464,
"2016-12-11 00:00:00",55157,
"2016-12-12 00:00:00",37470,
"2016-12-13 00:00:00",34304,
"2016-12-14 00:00:00",33975,
"2016-12-15 00:00:00",33540,
"2016-12-16 00:00:00",41247,
"2016-12-17 00:00:00",53793,
"2016-12-18 00:00:00",53329,
"2016-12-19 00:00:00",42322,
"2016-12-20 00:00:00",43039,
"2016-12-21 00:00:00",45657,
"2016-12-22 00:00:00",48822,
"2016-12-23 00:00:00",47778,
"2016-12-24 00:00:00",43228,
"2016-12-25 00:00:00",41274,
"2016-12-26 00:00:00",50452,
"2016-12-27 00:00:00",56070,
"2016-12-28 00:00:00",57958,
"2016-12-29 00:00:00",59532,
"2016-12-30 00:00:00",60887,
"2016-12-31 00:00:00",52389,
"2017-01-01 00:00:00",61048,
"2017-01-02 00:00:00",62694,
"2017-01-03 00:00:00",51893,
"2017-01-04 00:00:00",49434,
"2017-01-05 00:00:00",49447,
"2017-01-06 00:00:00",51595,
"2017-01-07 00:00:00",68017,
"2017-01-08 00:00:00",63105,
"2017-01-09 00:00:00",43698,
"2017-01-10 00:00:00",42226,
"2017-01-11 00:00:00",40931,
"2017-01-12 00:00:00",38853,
"2017-01-13 00:00:00",49579,
"2017-01-14 00:00:00",65491,
"2017-01-15 00:00:00",61551,
"2017-01-16 00:00:00",56261,
"2017-01-17 00:00:00",43454,
"2017-01-18 00:00:00",41566,
"2017-01-19 00:00:00",39768,
"2017-01-20 00:00:00",48644,
"2017-01-21 00:00:00",65020,
"2017-01-22 00:00:00",60827,
"2017-01-23 00:00:00",41374,
"2017-01-24 00:00:00",41571,
"2017-01-25 00:00:00",40458,
"2017-01-26 00:00:00",39278,
"2017-01-27 00:00:00",44897,
"2017-01-28 00:00:00",61099,
"2017-01-29 00:00:00",59789,
"2017-01-30 00:00:00",42344,
"2017-01-31 00:00:00",40355,
"2017-02-01 00:00:00",39995,
"2017-02-02 00:00:00",40019,
"2017-02-03 00:00:00",45074,
"2017-02-04 00:00:00",62069,
"2017-02-05 00:00:00",60871,
"2017-02-06 00:00:00",41353,
"2017-02-07 00:00:00",39862,
"2017-02-08 00:00:00",40090,
"2017-02-09 00:00:00",41080,
"2017-02-10 00:00:00",46007,
"2017-02-11 00:00:00",59986,
"2017-02-12 00:00:00",59801,
"2017-02-13 00:00:00",42587,
"2017-02-14 00:00:00",38916,
"2017-02-15 00:00:00",39293,
"2017-02-16 00:00:00",39372,
"2017-02-17 00:00:00",47952,
"2017-02-18 00:00:00",58010,
"2017-02-19 00:00:00",56397,
"2017-02-20 00:00:00",52829,
"2017-02-21 00:00:00",42155,
"2017-02-22 00:00:00",42763,
"2017-02-23 00:00:00",42275,
"2017-02-24 00:00:00",45821,
"2017-02-25 00:00:00",58487,
"2017-02-26 00:00:00",56665,
"2017-02-27 00:00:00",39128,
"2017-02-28 00:00:00",38585,
"2017-03-01 00:00:00",38365,
"2017-03-02 00:00:00",36659,
"2017-03-03 00:00:00",44281,
"2017-03-04 00:00:00",57536,
"2017-03-05 00:00:00",55976,
"2017-03-06 00:00:00",37134,
"2017-03-07 00:00:00",38678,
"2017-03-08 00:00:00",37371,
"2017-03-09 00:00:00",35783,
"2017-03-10 00:00:00",43640,
"2017-03-11 00:00:00",55811,
"2017-03-12 00:00:00",55873,
"2017-03-13 00:00:00",39171,
"2017-03-14 00:00:00",42199,
"2017-03-15 00:00:00",41117,
"2017-03-16 00:00:00",37115,
"2017-03-17 00:00:00",47508,
"2017-03-18 00:00:00",56901,
"2017-03-19 00:00:00",57102,
"2017-03-20 00:00:00",38520,
"2017-03-21 00:00:00",27815,
"2017-03-22 00:00:00",14224,
"2017-03-23 00:00:00",36046,
"2017-03-24 00:00:00",45283,
"2017-03-25 00:00:00",55620,
"2017-03-26 00:00:00",55995,
"2017-03-27 00:00:00",39019,
"2017-03-28 00:00:00",37579,
"2017-03-29 00:00:00",38152,
"2017-03-30 00:00:00",36993,
"2017-03-31 00:00:00",43439,
"2017-04-01 00:00:00",54571,
"2017-04-02 00:00:00",52919,
"2017-04-03 00:00:00",37371,
"2017-04-04 00:00:00",36113,
"2017-04-05 00:00:00",37937,
"2017-04-06 00:00:00",37250,
"2017-04-07 00:00:00",42900,
"2017-04-08 00:00:00",53227,
"2017-04-09 00:00:00",52694,
"2017-04-10 00:00:00",41511,
"2017-04-11 00:00:00",40684,
"2017-04-12 00:00:00",40983,
"2017-04-13 00:00:00",43340,
"2017-04-14 00:00:00",52533,
"2017-04-15 00:00:00",54309,
"2017-04-16 00:00:00",52653,
"2017-04-17 00:00:00",46954,
"2017-04-18 00:00:00",41032,
"2017-04-19 00:00:00",40703,
"2017-04-20 00:00:00",40218,
"2017-04-21 00:00:00",45730,
"2017-04-22 00:00:00",57034,
"2017-04-23 00:00:00",56253,
"2017-04-24 00:00:00",37364,
"2017-04-25 00:00:00",36051,
"2017-04-26 00:00:00",35886,
"2017-04-27 00:00:00",34677,
"2017-04-28 00:00:00",41982,
"2017-04-29 00:00:00",54746,
"2017-04-30 00:00:00",59032,
"2017-05-01 00:00:00",43664,
"2017-05-02 00:00:00",38042,
"2017-05-03 00:00:00",37592,
"2017-05-04 00:00:00",36608,
"2017-05-05 00:00:00",43012,
"2017-05-06 00:00:00",55301,
"2017-05-07 00:00:00",57272,
"2017-05-08 00:00:00",41462,
"2017-05-09 00:00:00",37449,
"2017-05-10 00:00:00",36541,
"2017-05-11 00:00:00",35108,
"2017-05-12 00:00:00",41718,
"2017-05-13 00:00:00",55013,
"2017-05-14 00:00:00",53166,
"2017-05-15 00:00:00",37180,
"2017-05-16 00:00:00",35960,
"2017-05-17 00:00:00",35235,
"2017-05-18 00:00:00",35155,
"2017-05-19 00:00:00",42164,
"2017-05-20 00:00:00",53355,
"2017-05-21 00:00:00",53019,
"2017-05-22 00:00:00",39369,
"2017-05-23 00:00:00",37077,
"2017-05-24 00:00:00",39093,
"2017-05-25 00:00:00",39370,
"2017-05-26 00:00:00",43753,
"2017-05-27 00:00:00",49180,
"2017-05-28 00:00:00",50613,
"2017-05-29 00:00:00",48755,
"2017-05-30 00:00:00",42320,
"2017-05-31 00:00:00",43153,
"2017-06-01 00:00:00",42144,
"2017-06-02 00:00:00",46589,
"2017-06-03 00:00:00",51403,
"2017-06-04 00:00:00",54396,
"2017-06-05 00:00:00",48792,
"2017-06-06 00:00:00",46759,
"2017-06-07 00:00:00",46866,
"2017-06-08 00:00:00",45389,
"2017-06-09 00:00:00",47107,
"2017-06-10 00:00:00",47069,
"2017-06-11 00:00:00",47772,
"2017-06-12 00:00:00",43909,
"2017-06-13 00:00:00",43312,
"2017-06-14 00:00:00",43225,
"2017-06-15 00:00:00",44604,
"2017-06-16 00:00:00",47655,
"2017-06-17 00:00:00",48018,
"2017-06-18 00:00:00",48150,
"2017-06-19 00:00:00",47323,
"2017-06-20 00:00:00",47080,
"2017-06-21 00:00:00",47386,
"2017-06-22 00:00:00",46733,
"2017-06-23 00:00:00",50289,
"2017-06-24 00:00:00",49761,
"2017-06-25 00:00:00",52086,
"2017-06-26 00:00:00",52429,
"2017-06-27 00:00:00",52747,
"2017-06-28 00:00:00",53428,
"2017-06-29 00:00:00",52995,
"2017-06-30 00:00:00",52655,
"2017-07-01 00:00:00",50426,
"2017-07-02 00:00:00",52823,
"2017-07-03 00:00:00",52992,
"2017-07-04 00:00:00",51504,
"2017-07-05 00:00:00",53019,
"2017-07-06 00:00:00",52593,
"2017-07-07 00:00:00",50713,
"2017-07-08 00:00:00",48282,
"2017-07-09 00:00:00",50873,
"2017-07-10 00:00:00",51540,
"2017-07-11 00:00:00",50910,
"2017-07-12 00:00:00",50895,
"2017-07-13 00:00:00",50334,
"2017-07-14 00:00:00",49403,
"2017-07-15 00:00:00",47428,
"2017-07-16 00:00:00",50625,
"2017-07-17 00:00:00",50856,
"2017-07-18 00:00:00",50219,
"2017-07-19 00:00:00",50401,
"2017-07-20 00:00:00",51118,
"2017-07-21 00:00:00",48643,
"2017-07-22 00:00:00",47039,
"2017-07-23 00:00:00",50704,
"2017-07-24 00:00:00",50709,
"2017-07-25 00:00:00",51843,
"2017-07-26 00:00:00",51244,
"2017-07-27 00:00:00",50668,
"2017-07-28 00:00:00",49705,
"2017-07-29 00:00:00",47740,
"2017-07-30 00:00:00",50788,
"2017-07-31 00:00:00",51790,
"2017-08-01 00:00:00",50431,
"2017-08-02 00:00:00",50774,
"2017-08-03 00:00:00",50035,
"2017-08-04 00:00:00",48621,
"2017-08-05 00:00:00",47321,
"2017-08-06 00:00:00",50106,
"2017-08-07 00:00:00",49685,
"2017-08-08 00:00:00",49354,
"2017-08-09 00:00:00",47824,
"2017-08-10 00:00:00",46378,
"2017-08-11 00:00:00",46255,
"2017-08-12 00:00:00",47606,
"2017-08-13 00:00:00",48972,
"2017-08-14 00:00:00",46891,
"2017-08-15 00:00:00",46898,
"2017-08-16 00:00:00",46156,
"2017-08-17 00:00:00",45789,
"2017-08-18 00:00:00",46466,
"2017-08-19 00:00:00",50088,
"2017-08-20 00:00:00",52733,
"2017-08-21 00:00:00",47368,
"2017-08-22 00:00:00",45495,
"2017-08-23 00:00:00",44198,
"2017-08-24 00:00:00",43631,
"2017-08-25 00:00:00",44159,
"2017-08-26 00:00:00",50229,
"2017-08-27 00:00:00",53506,
"2017-08-28 00:00:00",45338,
"2017-08-29 00:00:00",44324,
"2017-08-30 00:00:00",44207,
"2017-08-31 00:00:00",43094,
"2017-09-01 00:00:00",43945,
"2017-09-02 00:00:00",52938,
"2017-09-03 00:00:00",52029,
"2017-09-04 00:00:00",49209,
"2017-09-05 00:00:00",36148,
"2017-09-06 00:00:00",34777,
"2017-09-07 00:00:00",33482,
"2017-09-08 00:00:00",37924,
"2017-09-09 00:00:00",51998,
"2017-09-10 00:00:00",50733,
"2017-09-11 00:00:00",33728,
"2017-09-12 00:00:00",33277,
"2017-09-13 00:00:00",33052,
"2017-09-14 00:00:00",32281,
"2017-09-15 00:00:00",37633,
"2017-09-16 00:00:00",50468,
"2017-09-17 00:00:00",51167,
"2017-09-18 00:00:00",33540,
"2017-09-19 00:00:00",32587,
"2017-09-20 00:00:00",32694,
"2017-09-21 00:00:00",33233,
"2017-09-22 00:00:00",38119,
"2017-09-23 00:00:00",50404,
"2017-09-24 00:00:00",49620,
"2017-09-25 00:00:00",32476,
"2017-09-26 00:00:00",31496,
"2017-09-27 00:00:00",31802,
"2017-09-28 00:00:00",30801,
"2017-09-29 00:00:00",35680,
"2017-09-30 00:00:00",49661,
"2017-10-01 00:00:00",48738,
"2017-10-02 00:00:00",32497,
"2017-10-03 00:00:00",32685,
"2017-10-04 00:00:00",31823,
"2017-10-05 00:00:00",31547,
"2017-10-06 00:00:00",38269,
"2017-10-07 00:00:00",49941,
"2017-10-08 00:00:00",49977,
"2017-10-09 00:00:00",39423,
"2017-10-10 00:00:00",32617,
"2017-10-11 00:00:00",31798,
"2017-10-12 00:00:00",31641,
"2017-10-13 00:00:00",37766,
"2017-10-14 00:00:00",50290,
"2017-10-15 00:00:00",48958,
"2017-10-16 00:00:00",33274,
"2017-10-17 00:00:00",30962,
"2017-10-18 00:00:00",30859,
"2017-10-19 00:00:00",31074,
"2017-10-20 00:00:00",39025,
"2017-10-21 00:00:00",47893,
"2017-10-22 00:00:00",48657,
"2017-10-23 00:00:00",34637,
"2017-10-24 00:00:00",34316,
"2017-10-25 00:00:00",33462,
"2017-10-26 00:00:00",33679,
"2017-10-27 00:00:00",38375,
"2017-10-28 00:00:00",50596,
"2017-10-29 00:00:00",52390,
"2017-10-30 00:00:00",38150,
"2017-10-31 00:00:00",35657,
"2017-11-01 00:00:00",39322,
"2017-11-02 00:00:00",38464,
"2017-11-03 00:00:00",42205,
"2017-11-04 00:00:00",52898,
"2017-11-05 00:00:00",52117,
"2017-11-06 00:00:00",33368,
"2017-11-07 00:00:00",33384,
"2017-11-08 00:00:00",31343,
"2017-11-09 00:00:00",30639,
"2017-11-10 00:00:00",42502,
"2017-11-11 00:00:00",52300,
"2017-11-12 00:00:00",50226,
"2017-11-13 00:00:00",31815,
"2017-11-14 00:00:00",30566,
"2017-11-15 00:00:00",30868,
"2017-11-16 00:00:00",30394,
"2017-11-17 00:00:00",35512,
"2017-11-18 00:00:00",49308,
"2017-11-19 00:00:00",48237,
"2017-11-20 00:00:00",35870,
"2017-11-21 00:00:00",34814,
"2017-11-22 00:00:00",40140,
"2017-11-23 00:00:00",38479,
"2017-11-24 00:00:00",46748,
"2017-11-25 00:00:00",51930,
"2017-11-26 00:00:00",50074,
"2017-11-27 00:00:00",33886,
"2017-11-28 00:00:00",32797,
"2017-11-29 00:00:00",32900,
"2017-11-30 00:00:00",32106,
"2017-12-01 00:00:00",37973,
"2017-12-02 00:00:00",52715,
"2017-12-03 00:00:00",50606,
"2017-12-04 00:00:00",33686,
"2017-12-05 00:00:00",32940,
"2017-12-06 00:00:00",32993,
"2017-12-07 00:00:00",32598,
"2017-12-08 00:00:00",37894,
"2017-12-09 00:00:00",51669,
"2017-12-10 00:00:00",49615,
"2017-12-11 00:00:00",33620,
"2017-12-12 00:00:00",31967,
"2017-12-13 00:00:00",31683,
"2017-12-14 00:00:00",31082,
"2017-12-15 00:00:00",35411,
"2017-12-16 00:00:00",48336,
"2017-12-17 00:00:00",46467,
"2017-12-18 00:00:00",34326,
"2017-12-19 00:00:00",34202,
"2017-12-20 00:00:00",36012,
"2017-12-21 00:00:00",37907,
"2017-12-22 00:00:00",45377,
"2017-12-23 00:00:00",49075,
"2017-12-24 00:00:00",38180,
"2017-12-25 00:00:00",38492,
"2017-12-26 00:00:00",45083,
"2017-12-27 00:00:00",49738,
"2017-12-28 00:00:00",51551,
"2017-12-29 00:00:00",53132,
"2017-12-30 00:00:00",53245,
"2017-12-31 00:00:00",45611,
"2018-01-01 00:00:00",54700,
"2018-01-02 00:00:00",53904,
"2018-01-03 00:00:00",51556,
"2018-01-04 00:00:00",53856,
"2018-01-05 00:00:00",56424,
"2018-01-06 00:00:00",60163,
"2018-01-07 00:00:00",58014,
"2018-01-08 00:00:00",44577,
"2018-01-09 00:00:00",39873,
"2018-01-10 00:00:00",38311,
"2018-01-11 00:00:00",37775,
"2018-01-12 00:00:00",44559,
"2018-01-13 00:00:00",58800,
"2018-01-14 00:00:00",55025,
"2018-01-15 00:00:00",49427,
"2018-01-16 00:00:00",39538,
"2018-01-17 00:00:00",40505,
"2018-01-18 00:00:00",37556,
"2018-01-19 00:00:00",41958,
"2018-01-20 00:00:00",55156,
"2018-01-21 00:00:00",53053,
"2018-01-22 00:00:00",37368,
"2018-01-23 00:00:00",37114,
"2018-01-24 00:00:00",36511,
"2018-01-25 00:00:00",37009,
"2018-01-26 00:00:00",41933,
"2018-01-27 00:00:00",54950,
"2018-01-28 00:00:00",53758,
"2018-01-29 00:00:00",36903,
"2018-01-30 00:00:00",36121,
"2018-01-31 00:00:00",36140,
"2018-02-01 00:00:00",35178,
"2018-02-02 00:00:00",41015,
"2018-02-03 00:00:00",53530,
"2018-02-04 00:00:00",52391,
"2018-02-05 00:00:00",36201,
"2018-02-06 00:00:00",34599,
"2018-02-07 00:00:00",37533,
"2018-02-08 00:00:00",34568,
"2018-02-09 00:00:00",40282,
"2018-02-10 00:00:00",52625,
"2018-02-11 00:00:00",51155,
"2018-02-12 00:00:00",37021,
"2018-02-13 00:00:00",35889,
"2018-02-14 00:00:00",35507,
"2018-02-15 00:00:00",35496,
"2018-02-16 00:00:00",41465,
"2018-02-17 00:00:00",51959,
"2018-02-18 00:00:00",51365,
"2018-02-19 00:00:00",46710,
"2018-02-20 00:00:00",36894,
"2018-02-21 00:00:00",37300,
"2018-02-22 00:00:00",37621,
"2018-02-23 00:00:00",40340,
"2018-02-24 00:00:00",50801,
"2018-02-25 00:00:00",49451,
"2018-02-26 00:00:00",32512,
"2018-02-27 00:00:00",34103,
"2018-02-28 00:00:00",34692,
"2018-03-01 00:00:00",34302,
"2018-03-02 00:00:00",39175,
"2018-03-03 00:00:00",50266,
"2018-03-04 00:00:00",48610,
"2018-03-05 00:00:00",33762,
"2018-03-06 00:00:00",32278,
"2018-03-07 00:00:00",36693,
"2018-03-08 00:00:00",35887,
"2018-03-09 00:00:00",38277,
"2018-03-10 00:00:00",50157,
"2018-03-11 00:00:00",48415,
"2018-03-12 00:00:00",34282,
"2018-03-13 00:00:00",34017,
"2018-03-14 00:00:00",33858,
"2018-03-15 00:00:00",32447,
"2018-03-16 00:00:00",39653,
"2018-03-17 00:00:00",49688,
"2018-03-18 00:00:00",49296,
"2018-03-19 00:00:00",33498,
"2018-03-20 00:00:00",32539,
"2018-03-21 00:00:00",35643,
"2018-03-22 00:00:00",33234,
"2018-03-23 00:00:00",37404,
"2018-03-24 00:00:00",47754,
"2018-03-25 00:00:00",47979,
"2018-03-26 00:00:00",36860,
"2018-03-27 00:00:00",36681,
"2018-03-28 00:00:00",37764,
"2018-03-29 00:00:00",37408,
"2018-03-30 00:00:00",45379,
"2018-03-31 00:00:00",45585,
"2018-04-01 00:00:00",43059,
"2018-04-02 00:00:00",41281,
"2018-04-03 00:00:00",35896,
"2018-04-04 00:00:00",34864,
"2018-04-05 00:00:00",33752,
"2018-04-06 00:00:00",37328,
"2018-04-07 00:00:00",46703,
"2018-04-08 00:00:00",45488,
"2018-04-09 00:00:00",32024,
"2018-04-10 00:00:00",31252,
"2018-04-11 00:00:00",30737,
"2018-04-12 00:00:00",31085,
"2018-04-13 00:00:00",34647,
"2018-04-14 00:00:00",46271,
"2018-04-15 00:00:00",45899,
"2018-04-16 00:00:00",33144,
"2018-04-17 00:00:00",31535,
"2018-04-18 00:00:00",30746,
"2018-04-19 00:00:00",30046,
"2018-04-20 00:00:00",33593,
"2018-04-21 00:00:00",44830,
"2018-04-22 00:00:00",45686,
"2018-04-23 00:00:00",32095,
"2018-04-24 00:00:00",31547,
"2018-04-25 00:00:00",33111,
"2018-04-26 00:00:00",31883,
"2018-04-27 00:00:00",34387,
"2018-04-28 00:00:00",45624,
"2018-04-29 00:00:00",46971,
"2018-04-30 00:00:00",37501,
"2018-05-01 00:00:00",35669,
"2018-05-02 00:00:00",32954,
"2018-05-03 00:00:00",31509,
"2018-05-04 00:00:00",35493,
"2018-05-05 00:00:00",45597,
"2018-05-06 00:00:00",45685,
"2018-05-07 00:00:00",32819,
"2018-05-08 00:00:00",34362,
"2018-05-09 00:00:00",32663,
"2018-05-10 00:00:00",33161,
"2018-05-11 00:00:00",36100,
"2018-05-12 00:00:00",47709,
"2018-05-13 00:00:00",45224,
"2018-05-14 00:00:00",31838,
"2018-05-15 00:00:00",31545,
"2018-05-16 00:00:00",31581,
"2018-05-17 00:00:00",29943,
"2018-05-18 00:00:00",34471,
"2018-05-19 00:00:00",45017,
"2018-05-20 00:00:00",46335,
"2018-05-21 00:00:00",36185,
"2018-05-22 00:00:00",33078,
"2018-05-23 00:00:00",32978,
"2018-05-24 00:00:00",32801,
"2018-05-25 00:00:00",37302,
"2018-05-26 00:00:00",43152,
"2018-05-27 00:00:00",44045,
"2018-05-28 00:00:00",41846,
"2018-05-29 00:00:00",36203,
"2018-05-30 00:00:00",36252,
"2018-05-31 00:00:00",37167,
"2018-06-01 00:00:00",39629,
"2018-06-02 00:00:00",44780,
"2018-06-03 00:00:00",45156,
"2018-06-04 00:00:00",37761,
"2018-06-05 00:00:00",38516,
"2018-06-06 00:00:00",38222,
"2018-06-07 00:00:00",37889,
"2018-06-08 00:00:00",40999,
"2018-06-09 00:00:00",43781,
"2018-06-10 00:00:00",45397,
"2018-06-11 00:00:00",40080,
"2018-06-12 00:00:00",39407,
"2018-06-13 00:00:00",39289,
"2018-06-14 00:00:00",38790,
"2018-06-15 00:00:00",40259,
"2018-06-16 00:00:00",42087,
"2018-06-17 00:00:00",42397,
"2018-06-18 00:00:00",41826,
"2018-06-19 00:00:00",42079,
"2018-06-20 00:00:00",42060,
"2018-06-21 00:00:00",41959,
"2018-06-22 00:00:00",47221,
"2018-06-23 00:00:00",48661,
"2018-06-24 00:00:00",51765,
"2018-06-25 00:00:00",52300,
"2018-06-26 00:00:00",52399,
"2018-06-27 00:00:00",50687,
"2018-06-28 00:00:00",49513,
"2018-06-29 00:00:00",49827,
"2018-06-30 00:00:00",48079,
"2018-07-01 00:00:00",50910,
"2018-07-02 00:00:00",52636,
"2018-07-03 00:00:00",49798,
"2018-07-04 00:00:00",49458,
"2018-07-05 00:00:00",51074,
"2018-07-06 00:00:00",48757,
"2018-07-07 00:00:00",47473,
"2018-07-08 00:00:00",49659,
"2018-07-09 00:00:00",50580,
"2018-07-10 00:00:00",48605,
"2018-07-11 00:00:00",48655,
"2018-07-12 00:00:00",47195,
"2018-07-13 00:00:00",46884,
"2018-07-14 00:00:00",45503,
"2018-07-15 00:00:00",47139,
"2018-07-16 00:00:00",49278,
"2018-07-17 00:00:00",49028,
"2018-07-18 00:00:00",48389,
"2018-07-19 00:00:00",47612,
"2018-07-20 00:00:00",46830,
"2018-07-21 00:00:00",45543,
"2018-07-22 00:00:00",47911,
"2018-07-23 00:00:00",48891,
"2018-07-24 00:00:00",46680,
"2018-07-25 00:00:00",45983,
"2018-07-26 00:00:00",45938,
"2018-07-27 00:00:00",43797,
"2018-07-28 00:00:00",41999,
"2018-07-29 00:00:00",46113,
"2018-07-30 00:00:00",47092,
"2018-07-31 00:00:00",46531,
"2018-08-01 00:00:00",46296,
"2018-08-02 00:00:00",45505,
"2018-08-03 00:00:00",43830,
"2018-08-04 00:00:00",43710,
"2018-08-05 00:00:00",46473,
"2018-08-06 00:00:00",46513,
"2018-08-07 00:00:00",45870,
"2018-08-08 00:00:00",45729,
"2018-08-09 00:00:00",44820,
"2018-08-10 00:00:00",43572,
"2018-08-11 00:00:00",44607,
"2018-08-12 00:00:00",45734,
"2018-08-13 00:00:00",44382,
"2018-08-14 00:00:00",43443,
"2018-08-15 00:00:00",41025,
"2018-08-16 00:00:00",39659,
"2018-08-17 00:00:00",40122,
"2018-08-18 00:00:00",44010,
"2018-08-19 00:00:00",46429,
"2018-08-20 00:00:00",41564,
"2018-08-21 00:00:00",41301,
"2018-08-22 00:00:00",40072,
"2018-08-23 00:00:00",39404,
"2018-08-24 00:00:00",39709,
"2018-08-25 00:00:00",44659,
"2018-08-26 00:00:00",48330,
"2018-08-27 00:00:00",41449,
"2018-08-28 00:00:00",40895,
"2018-08-29 00:00:00",40413,
"2018-08-30 00:00:00",39319,
"2018-08-31 00:00:00",39535,
"2018-09-01 00:00:00",45794,
"2018-09-02 00:00:00",44292,
"2018-09-03 00:00:00",42316,
"2018-09-04 00:00:00",31704,
"2018-09-05 00:00:00",30004,
"2018-09-06 00:00:00",27996,
"2018-09-07 00:00:00",31810,
"2018-09-08 00:00:00",42982,
"2018-09-09 00:00:00",42540,
"2018-09-10 00:00:00",30052,
"2018-09-11 00:00:00",28654,
"2018-09-12 00:00:00",28351,
"2018-09-13 00:00:00",26944,
"2018-09-14 00:00:00",31648,
"2018-09-15 00:00:00",42410,
"2018-09-16 00:00:00",42367,
"2018-09-17 00:00:00",29241,
"2018-09-18 00:00:00",28300,
"2018-09-19 00:00:00",29699,
"2018-09-20 00:00:00",27617,
"2018-09-21 00:00:00",32828,
"2018-09-22 00:00:00",43803,
"2018-09-23 00:00:00",44283,
"2018-09-24 00:00:00",29733,
"2018-09-25 00:00:00",29128,
"2018-09-26 00:00:00",28605,
"2018-09-27 00:00:00",26695,
"2018-09-28 00:00:00",32014,
"2018-09-29 00:00:00",42726,
"2018-09-30 00:00:00",42644,
"2018-10-01 00:00:00",29462,
"2018-10-02 00:00:00",28756,
"2018-10-03 00:00:00",29232,
"2018-10-04 00:00:00",28606,
"2018-10-05 00:00:00",34218,
"2018-10-06 00:00:00",44407,
"2018-10-07 00:00:00",43673,
"2018-10-08 00:00:00",34336,
"2018-10-09 00:00:00",30096,
"2018-10-10 00:00:00",29261,
"2018-10-11 00:00:00",29194,
"2018-10-12 00:00:00",33753,
"2018-10-13 00:00:00",43179,
"2018-10-14 00:00:00",42779,
"2018-10-15 00:00:00",31326,
"2018-10-16 00:00:00",28521,
"2018-10-17 00:00:00",26493,
"2018-10-18 00:00:00",28569,
"2018-10-19 00:00:00",34644,
"2018-10-20 00:00:00",44168,
"2018-10-21 00:00:00",43669,
"2018-10-22 00:00:00",33049,
"2018-10-23 00:00:00",32211,
"2018-10-24 00:00:00",31009,
"2018-10-25 00:00:00",31307,
"2018-10-26 00:00:00",35189,
"2018-10-27 00:00:00",43213,
"2018-10-28 00:00:00",45681,
"2018-10-29 00:00:00",34819,
"2018-10-30 00:00:00",35208,
"2018-10-31 00:00:00",34171,
"2018-11-01 00:00:00",37968,
"2018-11-02 00:00:00",40225,
"2018-11-03 00:00:00",48966,
"2018-11-04 00:00:00",49029,
"2018-11-05 00:00:00",31706,
"2018-11-06 00:00:00",32700,
"2018-11-07 00:00:00",30686,
"2018-11-08 00:00:00",29339,
"2018-11-09 00:00:00",35051,
"2018-11-10 00:00:00",47182,
"2018-11-11 00:00:00",46242,
"2018-11-12 00:00:00",35222,
"2018-11-13 00:00:00",29740,
"2018-11-14 00:00:00",29659,
"2018-11-15 00:00:00",29825,
"2018-11-16 00:00:00",35636,
"2018-11-17 00:00:00",46975,
"2018-11-18 00:00:00",45484,
"2018-11-19 00:00:00",34599,
"2018-11-20 00:00:00",34067,
"2018-11-21 00:00:00",37944,
"2018-11-22 00:00:00",36711,
"2018-11-23 00:00:00",44101,
"2018-11-24 00:00:00",49712,
"2018-11-25 00:00:00",47404,
"2018-11-26 00:00:00",34061,
"2018-11-27 00:00:00",32593,
"2018-11-28 00:00:00",31765,
"2018-11-29 00:00:00",30650,
"2018-11-30 00:00:00",36232,
"2018-12-01 00:00:00",48125,
"2018-12-02 00:00:00",47166,
"2018-12-03 00:00:00",31748,
"2018-12-04 00:00:00",31421,
"2018-12-05 00:00:00",32005,
"2018-12-06 00:00:00",27110,
"2018-12-07 00:00:00",32549,
"2018-12-08 00:00:00",42402,
"2018-12-09 00:00:00",41123,
"2018-12-10 00:00:00",29014,
"2018-12-11 00:00:00",28587,
"2018-12-12 00:00:00",28522,
"2018-12-13 00:00:00",27773,
"2018-12-14 00:00:00",32500,
"2018-12-15 00:00:00",42793,
"2018-12-16 00:00:00",42002,
"2018-12-17 00:00:00",30663,
"2018-12-18 00:00:00",30563,
"2018-12-19 00:00:00",31072,
"2018-12-20 00:00:00",31805,
"2018-12-21 00:00:00",38978,
"2018-12-22 00:00:00",44790,
"2018-12-23 00:00:00",42930,
"2018-12-24 00:00:00",35627,
"2018-12-25 00:00:00",36159,
"2018-12-26 00:00:00",41489,
"2018-12-27 00:00:00",44051,
"2018-12-28 00:00:00",46355,
"2018-12-29 00:00:00",47814,
"2018-12-30 00:00:00",48819,
"2018-12-31 00:00:00",41891,
"2019-01-01 00:00:00",48758,
"2019-01-02 00:00:00",48868,
"2019-01-03 00:00:00",47768,
"2019-01-04 00:00:00",49281,
"2019-01-05 00:00:00",52432,
"2019-01-06 00:00:00",51606,
"2019-01-07 00:00:00",41778,
"2019-01-08 00:00:00",38523,
"2019-01-09 00:00:00",37146,
"2019-01-10 00:00:00",35767,
"2019-01-11 00:00:00",41617,
"2019-01-12 00:00:00",53633,
"2019-01-13 00:00:00",51814,
"2019-01-14 00:00:00",36546,
"2019-01-15 00:00:00",35403,
"2019-01-16 00:00:00",36060,
"2019-01-17 00:00:00",34807,
"2019-01-18 00:00:00",40218,
"2019-01-19 00:00:00",51017,
"2019-01-20 00:00:00",51071,
"2019-01-21 00:00:00",45618,
"2019-01-22 00:00:00",37032,
"2019-01-23 00:00:00",37817,
"2019-01-24 00:00:00",36642,
"2019-01-25 00:00:00",40561,
"2019-01-26 00:00:00",51408,
"2019-01-27 00:00:00",50527,
"2019-01-28 00:00:00",37621,
"2019-01-29 00:00:00",37569,
"2019-01-30 00:00:00",38903,
"2019-01-31 00:00:00",37550,
"2019-02-01 00:00:00",40337,
"2019-02-02 00:00:00",49379,
"2019-02-03 00:00:00",48898,
"2019-02-04 00:00:00",35458,
"2019-02-05 00:00:00",35171,
"2019-02-06 00:00:00",36116,
"2019-02-07 00:00:00",35070,
"2019-02-08 00:00:00",38886,
"2019-02-09 00:00:00",49121,
"2019-02-10 00:00:00",48035,
"2019-02-11 00:00:00",35436,
"2019-02-12 00:00:00",36987,
"2019-02-13 00:00:00",35137,
"2019-02-14 00:00:00",32366,
"2019-02-15 00:00:00",38404,
"2019-02-16 00:00:00",46035,
"2019-02-17 00:00:00",44726,
"2019-02-18 00:00:00",41212,
"2019-02-19 00:00:00",32543,
"2019-02-20 00:00:00",36333,
"2019-02-21 00:00:00",35068,
"2019-02-22 00:00:00",38706,
"2019-02-23 00:00:00",47786,
"2019-02-24 00:00:00",46407,
"2019-02-25 00:00:00",33714,
"2019-02-26 00:00:00",32526,
"2019-02-27 00:00:00",32335,
"2019-02-28 00:00:00",31019,
"2019-03-01 00:00:00",35778,
"2019-03-02 00:00:00",45892,
"2019-03-03 00:00:00",45673,
"2019-03-04 00:00:00",34880,
"2019-03-05 00:00:00",32876,
"2019-03-06 00:00:00",32830,
"2019-03-07 00:00:00",34601,
"2019-03-08 00:00:00",37433,
"2019-03-09 00:00:00",47331,
"2019-03-10 00:00:00",46864,
"2019-03-11 00:00:00",33400,
"2019-03-12 00:00:00",32657,
"2019-03-13 00:00:00",32817,
"2019-03-14 00:00:00",32250,
"2019-03-15 00:00:00",37761,
"2019-03-16 00:00:00",48028,
"2019-03-17 00:00:00",47791,
"2019-03-18 00:00:00",33858,
"2019-03-19 00:00:00",32824,
"2019-03-20 00:00:00",33399,
"2019-03-21 00:00:00",33051,
"2019-03-22 00:00:00",38135,
"2019-03-23 00:00:00",47465,
"2019-03-24 00:00:00",48328,
"2019-03-25 00:00:00",36226,
"2019-03-26 00:00:00",35831,
"2019-03-27 00:00:00",36031,
"2019-03-28 00:00:00",34834,
"2019-03-29 00:00:00",38450,
"2019-03-30 00:00:00",46781,
"2019-03-31 00:00:00",47043,
"2019-04-01 00:00:00",33816,
"2019-04-02 00:00:00",29776,
"2019-04-03 00:00:00",32618,
"2019-04-04 00:00:00",32588,
"2019-04-05 00:00:00",37131,
"2019-04-06 00:00:00",46190,
"2019-04-07 00:00:00",46087,
"2019-04-08 00:00:00",34492,
"2019-04-09 00:00:00",34507,
"2019-04-10 00:00:00",34159,
"2019-04-11 00:00:00",34490,
"2019-04-12 00:00:00",38202,
"2019-04-13 00:00:00",47971,
"2019-04-14 00:00:00",48291,
"2019-04-15 00:00:00",37569,
"2019-04-16 00:00:00",37230,
"2019-04-17 00:00:00",36636,
"2019-04-18 00:00:00",36392,
"2019-04-19 00:00:00",43797,
"2019-04-20 00:00:00",45895,
"2019-04-21 00:00:00",43426,
"2019-04-22 00:00:00",39527,
"2019-04-23 00:00:00",35689,
"2019-04-24 00:00:00",34599,
"2019-04-25 00:00:00",33258,
"2019-04-26 00:00:00",37124,
"2019-04-27 00:00:00",46552,
"2019-04-28 00:00:00",46227,
"2019-04-29 00:00:00",33606,
"2019-04-30 00:00:00",35675,
"2019-05-01 00:00:00",37450,
"2019-05-02 00:00:00",35548,
"2019-05-03 00:00:00",37767,
"2019-05-04 00:00:00",46988,
"2019-05-05 00:00:00",47137,
"2019-05-06 00:00:00",33789,
"2019-05-07 00:00:00",33415,
"2019-05-08 00:00:00",35648,
"2019-05-09 00:00:00",32493,
"2019-05-10 00:00:00",35988,
"2019-05-11 00:00:00",45699,
"2019-05-12 00:00:00",44643,
"2019-05-13 00:00:00",31872,
"2019-05-14 00:00:00",32081,
"2019-05-15 00:00:00",31919,
"2019-05-16 00:00:00",30307,
"2019-05-17 00:00:00",34594,
"2019-05-18 00:00:00",43573,
"2019-05-19 00:00:00",43738,
"2019-05-20 00:00:00",32891,
"2019-05-21 00:00:00",32754,
"2019-05-22 00:00:00",32083,
"2019-05-23 00:00:00",32296,
"2019-05-24 00:00:00",35713,
"2019-05-25 00:00:00",42493,
"2019-05-26 00:00:00",43177,
"2019-05-27 00:00:00",40674,
"2019-05-28 00:00:00",36826,
"2019-05-29 00:00:00",37367,
"2019-05-30 00:00:00",38296,
"2019-05-31 00:00:00",39209,
"2019-06-01 00:00:00",42646,
"2019-06-02 00:00:00",43679,
"2019-06-03 00:00:00",37672,
"2019-06-04 00:00:00",37626,
"2019-06-05 00:00:00",37629,
"2019-06-06 00:00:00",37883,
"2019-06-07 00:00:00",40496,
"2019-06-08 00:00:00",42148,
"2019-06-09 00:00:00",44496,
"2019-06-10 00:00:00",41046,
"2019-06-11 00:00:00",39842,
"2019-06-12 00:00:00",39346,
"2019-06-13 00:00:00",40004,
"2019-06-14 00:00:00",40531,
"2019-06-15 00:00:00",42945,
"2019-06-16 00:00:00",43521,
"2019-06-17 00:00:00",42489,
"2019-06-18 00:00:00",41925,
"2019-06-19 00:00:00",42430,
"2019-06-20 00:00:00",42847,
"2019-06-21 00:00:00",42274,
"2019-06-22 00:00:00",41788,
"2019-06-23 00:00:00",43857,
"2019-06-24 00:00:00",43950,
"2019-06-25 00:00:00",43414,
"2019-06-26 00:00:00",45616,
"2019-06-27 00:00:00",46294,
"2019-06-28 00:00:00",45539,
"2019-06-29 00:00:00",45043,
"2019-06-30 00:00:00",47984,
"2019-07-01 00:00:00",47004,
"2019-07-02 00:00:00",44044,
"2019-07-03 00:00:00",46784,
"2019-07-04 00:00:00",45328,
"2019-07-05 00:00:00",44344,
"2019-07-06 00:00:00",44252,
"2019-07-07 00:00:00",47295,
"2019-07-08 00:00:00",47387,
"2019-07-09 00:00:00",47165,
"2019-07-10 00:00:00",45323,
"2019-07-11 00:00:00",44737,
"2019-07-12 00:00:00",43300,
"2019-07-13 00:00:00",42360,
"2019-07-14 00:00:00",44388,
"2019-07-15 00:00:00",44546,
"2019-07-16 00:00:00",44078,
"2019-07-17 00:00:00",43341,
"2019-07-18 00:00:00",42299,
"2019-07-19 00:00:00",41052,
"2019-07-20 00:00:00",39623,
"2019-07-21 00:00:00",42138,
"2019-07-22 00:00:00",42093,
"2019-07-23 00:00:00",40626,
"2019-07-24 00:00:00",40300,
"2019-07-25 00:00:00",39682,
"2019-07-26 00:00:00",38724,
"2019-07-27 00:00:00",38343,
"2019-07-28 00:00:00",41105,
"2019-07-29 00:00:00",41500,
"2019-07-30 00:00:00",41891,
"2019-07-31 00:00:00",41257,
"2019-08-01 00:00:00",39675,
"2019-08-02 00:00:00",38788,
"2019-08-03 00:00:00",38000,
"2019-08-04 00:00:00",40440,
"2019-08-05 00:00:00",40204,
"2019-08-06 00:00:00",39726,
"2019-08-07 00:00:00",38901,
"2019-08-08 00:00:00",38839,
"2019-08-09 00:00:00",38375,
"2019-08-10 00:00:00",39068,
"2019-08-11 00:00:00",41145,
"2019-08-12 00:00:00",39513,
"2019-08-13 00:00:00",39359,
"2019-08-14 00:00:00",36356,
"2019-08-15 00:00:00",36719,
"2019-08-16 00:00:00",36551,
"2019-08-17 00:00:00",39847,
"2019-08-18 00:00:00",41687,
"2019-08-19 00:00:00",37837,
"2019-08-20 00:00:00",37118,
"2019-08-21 00:00:00",36785,
"2019-08-22 00:00:00",36125,
"2019-08-23 00:00:00",36352,
"2019-08-24 00:00:00",39690,
"2019-08-25 00:00:00",42057,
"2019-08-26 00:00:00",37471,
"2019-08-27 00:00:00",37089,
"2019-08-28 00:00:00",37346,
"2019-08-29 00:00:00",36343,
"2019-08-30 00:00:00",36640,
"2019-08-31 00:00:00",41766,
"2019-09-01 00:00:00",41467,
"2019-09-02 00:00:00",38830,
"2019-09-03 00:00:00",30167,
"2019-09-04 00:00:00",29680,
"2019-09-05 00:00:00",28022,
"2019-09-06 00:00:00",31414,
"2019-09-07 00:00:00",40764,
"2019-09-08 00:00:00",40448,
"2019-09-09 00:00:00",28924,
"2019-09-10 00:00:00",27424,
"2019-09-11 00:00:00",27289,
"2019-09-12 00:00:00",26418,
"2019-09-13 00:00:00",30562,
"2019-09-14 00:00:00",39580,
"2019-09-15 00:00:00",39512,
"2019-09-16 00:00:00",28006,
"2019-09-17 00:00:00",27088,
"2019-09-18 00:00:00",27458,
"2019-09-19 00:00:00",26758,
"2019-09-20 00:00:00",31868,
"2019-09-21 00:00:00",41183,
"2019-09-22 00:00:00",40434,
"2019-09-23 00:00:00",27924,
"2019-09-24 00:00:00",27879,
"2019-09-25 00:00:00",27954,
"2019-09-26 00:00:00",26968,
"2019-09-27 00:00:00",31948,
"2019-09-28 00:00:00",39831,
"2019-09-29 00:00:00",40108,
"2019-09-30 00:00:00",29188,
"2019-10-01 00:00:00",27166,
"2019-10-02 00:00:00",26647,
"2019-10-03 00:00:00",26903,
"2019-10-04 00:00:00",31297,
"2019-10-05 00:00:00",39520,
"2019-10-06 00:00:00",39157,
"2019-10-07 00:00:00",28108,
"2019-10-08 00:00:00",27573,
"2019-10-09 00:00:00",28387,
"2019-10-10 00:00:00",26949,
"2019-10-11 00:00:00",31682,
"2019-10-12 00:00:00",39266,
"2019-10-13 00:00:00",37970,
"2019-10-14 00:00:00",31449,
"2019-10-15 00:00:00",25864,
"2019-10-16 00:00:00",25527,
"2019-10-17 00:00:00",25626,
"2019-10-18 00:00:00",30158,
"2019-10-19 00:00:00",36980,
"2019-10-20 00:00:00",35828,
"2019-10-21 00:00:00",28001,
"2019-10-22 00:00:00",27606,
"2019-10-23 00:00:00",27320,
"2019-10-24 00:00:00",27402,
"2019-10-25 00:00:00",30925,
"2019-10-26 00:00:00",37786,
"2019-10-27 00:00:00",38775,
"2019-10-28 00:00:00",30622,
"2019-10-29 00:00:00",29903,
"2019-10-30 00:00:00",30130,
"2019-10-31 00:00:00",29006,
"2019-11-01 00:00:00",33087,
"2019-11-02 00:00:00",40426,
"2019-11-03 00:00:00",41039,
"2019-11-04 00:00:00",28363,
"2019-11-05 00:00:00",27579,
"2019-11-06 00:00:00",26980,
"2019-11-07 00:00:00",26849,
"2019-11-08 00:00:00",31371,
"2019-11-09 00:00:00",40909,
"2019-11-10 00:00:00",38999,
"2019-11-11 00:00:00",32448,
"2019-11-12 00:00:00",25753,
"2019-11-13 00:00:00",27338,
"2019-11-14 00:00:00",26337,
"2019-11-15 00:00:00",31054,
"2019-11-16 00:00:00",39934,
"2019-11-17 00:00:00",39216,
"2019-11-18 00:00:00",27735,
"2019-11-19 00:00:00",26922,
"2019-11-20 00:00:00",27533,
"2019-11-21 00:00:00",26434,
"2019-11-22 00:00:00",31677,
"2019-11-23 00:00:00",41312,
"2019-11-24 00:00:00",39798,
"2019-11-25 00:00:00",30152,
"2019-11-26 00:00:00",29697,
"2019-11-27 00:00:00",32576,
"2019-11-28 00:00:00",31537,
"2019-11-29 00:00:00",36875,
"2019-11-30 00:00:00",40915,
"2019-12-01 00:00:00",39644,
"2019-12-02 00:00:00",29072,
"2019-12-03 00:00:00",28324,
"2019-12-04 00:00:00",28276,
"2019-12-05 00:00:00",28384,
"2019-12-06 00:00:00",32454,
"2019-12-07 00:00:00",41026,
"2019-12-08 00:00:00",40254,
"2019-12-09 00:00:00",29181,
"2019-12-10 00:00:00",28841,
"2019-12-11 00:00:00",28654,
"2019-12-12 00:00:00",27129,
"2019-12-13 00:00:00",31573,
"2019-12-14 00:00:00",39931,
"2019-12-15 00:00:00",39087,
"2019-12-16 00:00:00",29705,
"2019-12-17 00:00:00",33316,
"2019-12-18 00:00:00",33489,
"2019-12-19 00:00:00",31372,
"2019-12-20 00:00:00",36083,
"2019-12-21 00:00:00",41373,
"2019-12-22 00:00:00",39840,
"2019-12-23 00:00:00",38938,
"2019-12-24 00:00:00",32857,
"2019-12-25 00:00:00",32707,
"2019-12-26 00:00:00",37204,
"2019-12-27 00:00:00",42026,
"2019-12-28 00:00:00",42910,
"2019-12-29 00:00:00",44328,
"2019-12-30 00:00:00",44534,
"2019-12-31 00:00:00",37716,
"2020-01-01 00:00:00",44821,
"2020-01-02 00:00:00",46227,
"2020-01-03 00:00:00",46458,
"2020-01-04 00:00:00",48044,
"2020-01-05 00:00:00",47866,
"2020-01-06 00:00:00",40796,
"2020-01-07 00:00:00",37854,
"2020-01-08 00:00:00",37294,
"2020-01-09 00:00:00",35450,
"2020-01-10 00:00:00",39070,
"2020-01-11 00:00:00",49034,
"2020-01-12 00:00:00",46187,
"2020-01-13 00:00:00",33216,
"2020-01-14 00:00:00",33041,
"2020-01-15 00:00:00",32749,
"2020-01-16 00:00:00",31560,
"2020-01-17 00:00:00",36949,
"2020-01-18 00:00:00",46933,
"2020-01-19 00:00:00",44853,
"2020-01-20 00:00:00",40121,
"2020-01-21 00:00:00",32312,
"2020-01-22 00:00:00",33298,
"2020-01-23 00:00:00",32971,
"2020-01-24 00:00:00",37689,
"2020-01-25 00:00:00",46493,
"2020-01-26 00:00:00",45337,
"2020-01-27 00:00:00",33722,
"2020-01-28 00:00:00",32901,
"2020-01-29 00:00:00",33161,
"2020-01-30 00:00:00",29188,
"2020-01-31 00:00:00",36070,
"2020-02-01 00:00:00",45228,
"2020-02-02 00:00:00",44563,
"2020-02-03 00:00:00",32167,
"2020-02-04 00:00:00",31417,
"2020-02-05 00:00:00",31512,
"2020-02-06 00:00:00",31959,
"2020-02-07 00:00:00",36262,
"2020-02-08 00:00:00",44214,
"2020-02-09 00:00:00",43943,
"2020-02-10 00:00:00",33011,
"2020-02-11 00:00:00",32419,
"2020-02-12 00:00:00",32152,
"2020-02-13 00:00:00",31791,
"2020-02-14 00:00:00",35459,
"2020-02-15 00:00:00",43172,
"2020-02-16 00:00:00",42677,
"2020-02-17 00:00:00",38382,
"2020-02-18 00:00:00",33775,
"2020-02-19 00:00:00",32892,
"2020-02-20 00:00:00",32504,
"2020-02-21 00:00:00",35921,
"2020-02-22 00:00:00",42863,
"2020-02-23 00:00:00",44201,
"2020-02-24 00:00:00",33324,
"2020-02-25 00:00:00",31276,
"2020-02-26 00:00:00",31470,
"2020-02-27 00:00:00",32098,
"2020-02-28 00:00:00",35231,
"2020-02-29 00:00:00",43823,
"2020-03-01 00:00:00",42284,
"2020-03-02 00:00:00",30825,
"2020-03-03 00:00:00",30683,
"2020-03-04 00:00:00",30871,
"2020-03-05 00:00:00",30223,
"2020-03-06 00:00:00",34995,
"2020-03-07 00:00:00",44042,
"2020-03-08 00:00:00",46892,
"2020-03-09 00:00:00",33373,
"2020-03-10 00:00:00",31520,
"2020-03-11 00:00:00",32311,
"2020-03-12 00:00:00",33039,
"2020-03-13 00:00:00",39881,
"2020-03-14 00:00:00",48807,
"2020-03-15 00:00:00",49321,
"2020-03-16 00:00:00",47973,
"2020-03-17 00:00:00",48924,
"2020-03-18 00:00:00",50354,
"2020-03-19 00:00:00",50746,
"2020-03-20 00:00:00",52934,
"2020-03-21 00:00:00",56206,
"2020-03-22 00:00:00",55247,
"2020-03-23 00:00:00",53495,
"2020-03-24 00:00:00",56627,
"2020-03-25 00:00:00",58658,
"2020-03-26 00:00:00",58595,
"2020-03-27 00:00:00",60193,
"2020-03-28 00:00:00",62127,
"2020-03-29 00:00:00",62045,
"2020-03-30 00:00:00",61102,
"2020-03-31 00:00:00",59036,
"2020-04-01 00:00:00",57445,
"2020-04-02 00:00:00",57157,
"2020-04-03 00:00:00",57616,
"2020-04-04 00:00:00",60015,
"2020-04-05 00:00:00",58558,
"2020-04-06 00:00:00",55173,
"2020-04-07 00:00:00",54387,
"2020-04-08 00:00:00",54427,
"2020-04-09 00:00:00",55648,
"2020-04-10 00:00:00",57752,
"2020-04-11 00:00:00",58446,
"2020-04-12 00:00:00",57572,
"2020-04-13 00:00:00",56568,
"2020-04-14 00:00:00",55141,
"2020-04-15 00:00:00",54476,
"2020-04-16 00:00:00",52813,
"2020-04-17 00:00:00",55210,
"2020-04-18 00:00:00",57543,
"2020-04-19 00:00:00",55678,
"2020-04-20 00:00:00",52644,
"2020-04-21 00:00:00",52598,
"2020-04-22 00:00:00",50890,
"2020-04-23 00:00:00",50791,
"2020-04-24 00:00:00",53888,
"2020-04-25 00:00:00",54701,
"2020-04-26 00:00:00",54497,
"2020-04-27 00:00:00",50972,
"2020-04-28 00:00:00",51278,
"2020-04-29 00:00:00",50899,
"2020-04-30 00:00:00",52069,
"2020-05-01 00:00:00",52829,
"2020-05-02 00:00:00",52827,
"2020-05-03 00:00:00",52050,
"2020-05-04 00:00:00",50576,
"2020-05-05 00:00:00",49483,
"2020-05-06 00:00:00",49395,
"2020-05-07 00:00:00",48605,
"2020-05-08 00:00:00",48720,
"2020-05-09 00:00:00",49666,
"2020-05-10 00:00:00",49463,
"2020-05-11 00:00:00",47655,
"2020-05-12 00:00:00",47140,
"2020-05-13 00:00:00",46670,
"2020-05-14 00:00:00",45426,
"2020-05-15 00:00:00",44344,
"2020-05-16 00:00:00",41928,
"2020-05-17 00:00:00",43971,
"2020-05-18 00:00:00",40957,
"2020-05-19 00:00:00",40637,
"2020-05-20 00:00:00",39858,
"2020-05-21 00:00:00",39766,
"2020-05-22 00:00:00",41101,
"2020-05-23 00:00:00",42076,
"2020-05-24 00:00:00",42572,
"2020-05-25 00:00:00",42566,
"2020-05-26 00:00:00",40433,
"2020-05-27 00:00:00",40594,
"2020-05-28 00:00:00",40942,
"2020-05-29 00:00:00",41148,
"2020-05-30 00:00:00",40239,
"2020-05-31 00:00:00",41409,
"2020-06-01 00:00:00",41840,
"2020-06-02 00:00:00",40078,
"2020-06-03 00:00:00",40598,
"2020-06-04 00:00:00",41178,
"2020-06-05 00:00:00",41453,
"2020-06-06 00:00:00",40539,
"2020-06-07 00:00:00",41443,
"2020-06-08 00:00:00",41386,
"2020-06-09 00:00:00",40675,
"2020-06-10 00:00:00",40835,
"2020-06-11 00:00:00",40505,
"2020-06-12 00:00:00",39288,
"2020-06-13 00:00:00",38995,
"2020-06-14 00:00:00",40436,
"2020-06-15 00:00:00",40315,
"2020-06-16 00:00:00",40203,
"2020-06-17 00:00:00",41467,
"2020-06-18 00:00:00",41673,
"2020-06-19 00:00:00",40880,
"2020-06-20 00:00:00",39966,
"2020-06-21 00:00:00",41369,
"2020-06-22 00:00:00",42708,
"2020-06-23 00:00:00",41914,
"2020-06-24 00:00:00",38834,
"2020-06-25 00:00:00",37895,
"2020-06-26 00:00:00",38858,
"2020-06-27 00:00:00",38869,
"2020-06-28 00:00:00",40965,
"2020-06-29 00:00:00",42765,
"2020-06-30 00:00:00",42795,
"2020-07-01 00:00:00",42254,
"2020-07-02 00:00:00",41544,
"2020-07-03 00:00:00",40514,
"2020-07-04 00:00:00",38650,
"2020-07-05 00:00:00",41814,
"2020-07-06 00:00:00",42328,
"2020-07-07 00:00:00",42144,
"2020-07-08 00:00:00",42531,
"2020-07-09 00:00:00",41447,
"2020-07-10 00:00:00",40047,
"2020-07-11 00:00:00",39207,
"2020-07-12 00:00:00",40670,
"2020-07-13 00:00:00",41176,
"2020-07-14 00:00:00",40647,
"2020-07-15 00:00:00",40830,
"2020-07-16 00:00:00",39864,
"2020-07-17 00:00:00",39033,
"2020-07-18 00:00:00",37558,
"2020-07-19 00:00:00",39790,
"2020-07-20 00:00:00",40512,
"2020-07-21 00:00:00",40125,
"2020-07-22 00:00:00",39983,
"2020-07-23 00:00:00",39412,
"2020-07-24 00:00:00",38807,
"2020-07-25 00:00:00",37735,
"2020-07-26 00:00:00",40319,
"2020-07-27 00:00:00",40093,
"2020-07-28 00:00:00",39684,
"2020-07-29 00:00:00",39370,
"2020-07-30 00:00:00",39022,
"2020-07-31 00:00:00",37335,
"2020-08-01 00:00:00",36759,
"2020-08-02 00:00:00",39866,
"2020-08-03 00:00:00",40021,
"2020-08-04 00:00:00",39122,
"2020-08-05 00:00:00",38386,
"2020-08-06 00:00:00",37591,
"2020-08-07 00:00:00",36594,
"2020-08-08 00:00:00",35854,
"2020-08-09 00:00:00",37604,
"2020-08-10 00:00:00",38036,
"2020-08-11 00:00:00",38030,
"2020-08-12 00:00:00",37830,
"2020-08-13 00:00:00",37542,
"2020-08-14 00:00:00",37478,
"2020-08-15 00:00:00",37656,
"2020-08-16 00:00:00",39708,
"2020-08-17 00:00:00",38967,
"2020-08-18 00:00:00",37710,
"2020-08-19 00:00:00",38113,
"2020-08-20 00:00:00",37645,
"2020-08-21 00:00:00",37677,
"2020-08-22 00:00:00",38714,
"2020-08-23 00:00:00",40877,
"2020-08-24 00:00:00",39831,
"2020-08-25 00:00:00",39728,
"2020-08-26 00:00:00",39306,
"2020-08-27 00:00:00",38479,
"2020-08-28 00:00:00",38563,
"2020-08-29 00:00:00",40166,
"2020-08-30 00:00:00",41561,
"2020-08-31 00:00:00",36878,
"2020-09-01 00:00:00",34182,
"2020-09-02 00:00:00",32808,
"2020-09-03 00:00:00",31487,
"2020-09-04 00:00:00",35243,
"2020-09-05 00:00:00",38078,
"2020-09-06 00:00:00",37199,
"2020-09-07 00:00:00",35083,
"2020-09-08 00:00:00",31117,
"2020-09-09 00:00:00",32037,
"2020-09-10 00:00:00",31028,
"2020-09-11 00:00:00",34210,
"2020-09-12 00:00:00",38146,
"2020-09-13 00:00:00",37409,
"2020-09-14 00:00:00",31543,
"2020-09-15 00:00:00",30576,
"2020-09-16 00:00:00",31330,
"2020-09-17 00:00:00",30835,
"2020-09-18 00:00:00",34314,
"2020-09-19 00:00:00",38323,
"2020-09-20 00:00:00",37258,
"2020-09-21 00:00:00",31369,
"2020-09-22 00:00:00",30386,
"2020-09-23 00:00:00",30699,
"2020-09-24 00:00:00",29002,
"2020-09-25 00:00:00",32235,
"2020-09-26 00:00:00",36644,
"2020-09-27 00:00:00",35019,
"2020-09-28 00:00:00",29494,
"2020-09-29 00:00:00",28667,
"2020-09-30 00:00:00",29302,
"2020-10-01 00:00:00",28471,
"2020-10-02 00:00:00",32315,
"2020-10-03 00:00:00",35919,
"2020-10-04 00:00:00",35635,
"2020-10-05 00:00:00",29855,
"2020-10-06 00:00:00",29337,
"2020-10-07 00:00:00",29310,
"2020-10-08 00:00:00",29104,
"2020-10-09 00:00:00",32891,
"2020-10-10 00:00:00",38130,
"2020-10-11 00:00:00",36447,
"2020-10-12 00:00:00",32316,
"2020-10-13 00:00:00",30292,
"2020-10-14 00:00:00",28560,
"2020-10-15 00:00:00",29671,
"2020-10-16 00:00:00",33488,
"2020-10-17 00:00:00",37719,
"2020-10-18 00:00:00",37677,
"2020-10-19 00:00:00",32455,
"2020-10-20 00:00:00",31953,
"2020-10-21 00:00:00",32228,
"2020-10-22 00:00:00",32538,
"2020-10-23 00:00:00",34764,
"2020-10-24 00:00:00",39253,
"2020-10-25 00:00:00",38663,
"2020-10-26 00:00:00",33716,
"2020-10-27 00:00:00",33077,
"2020-10-28 00:00:00",33929,
"2020-10-29 00:00:00",33453,
"2020-10-30 00:00:00",35801,
"2020-10-31 00:00:00",39916,
"2020-11-01 00:00:00",39481,
"2020-11-02 00:00:00",33995,
"2020-11-03 00:00:00",35300,
"2020-11-04 00:00:00",34103,
"2020-11-05 00:00:00",33248,
"2020-11-06 00:00:00",36671,
"2020-11-07 00:00:00",41508,
"2020-11-08 00:00:00",39833,
"2020-11-09 00:00:00",32790,
"2020-11-10 00:00:00",32984,
"2020-11-11 00:00:00",34321,
"2020-11-12 00:00:00",31378,
"2020-11-13 00:00:00",35266,
"2020-11-14 00:00:00",39843,
"2020-11-15 00:00:00",38007,
"2020-11-16 00:00:00",31726,
"2020-11-17 00:00:00",31556,
"2020-11-18 00:00:00",32381,
"2020-11-19 00:00:00",31909,
"2020-11-20 00:00:00",35332,
"2020-11-21 00:00:00",39874,
"2020-11-22 00:00:00",38156,
"2020-11-23 00:00:00",33084,
"2020-11-24 00:00:00",32694,
"2020-11-25 00:00:00",33650,
"2020-11-26 00:00:00",32829,
"2020-11-27 00:00:00",36594,
"2020-11-28 00:00:00",39075,
"2020-11-29 00:00:00",36456,
"2020-11-30 00:00:00",31394,
"2020-12-01 00:00:00",31134,
"2020-12-02 00:00:00",30763,
"2020-12-03 00:00:00",29999,
"2020-12-04 00:00:00",33633,
"2020-12-05 00:00:00",38005,
"2020-12-06 00:00:00",36289,
"2020-12-07 00:00:00",30582,
"2020-12-08 00:00:00",30420,
"2020-12-09 00:00:00",30121,
"2020-12-10 00:00:00",28572,
"2020-12-11 00:00:00",31979,
"2020-12-12 00:00:00",36796,
"2020-12-13 00:00:00",35719,
"2020-12-14 00:00:00",30794,
"2020-12-15 00:00:00",30385,
"2020-12-16 00:00:00",31391,
"2020-12-17 00:00:00",32067,
"2020-12-18 00:00:00",35777,
"2020-12-19 00:00:00",38696,
"2020-12-20 00:00:00",37955,
"2020-12-21 00:00:00",36893,
"2020-12-22 00:00:00",36716,
"2020-12-23 00:00:00",36683,
"2020-12-24 00:00:00",31185,
"2020-12-25 00:00:00",33690,
"2020-12-26 00:00:00",38030,
"2020-12-27 00:00:00",38907,
"2020-12-28 00:00:00",40679,
"2020-12-29 00:00:00",41255,
"2020-12-30 00:00:00",41932,
"2020-12-31 00:00:00",36486,
"2021-01-01 00:00:00",41884,
"2021-01-02 00:00:00",43065,
"2021-01-03 00:00:00",42330,
"2021-01-04 00:00:00",40374,
"2021-01-05 00:00:00",40588,
"2021-01-06 00:00:00",40045,
"2021-01-07 00:00:00",39614,
"2021-01-08 00:00:00",42332,
"2021-01-09 00:00:00",45281,
"2021-01-10 00:00:00",43022,
"2021-01-11 00:00:00",37522,
"2021-01-12 00:00:00",37304,
"2021-01-13 00:00:00",38113,
"2021-01-14 00:00:00",36399,
"2021-01-15 00:00:00",40004,
"2021-01-16 00:00:00",44761,
"2021-01-17 00:00:00",42155,
"2021-01-18 00:00:00",39010,
"2021-01-19 00:00:00",36266,
"2021-01-20 00:00:00",36530,
"2021-01-21 00:00:00",36223,
"2021-01-22 00:00:00",40960,
"2021-01-23 00:00:00",45385,
"2021-01-24 00:00:00",43280,
"2021-01-25 00:00:00",37157,
"2021-01-26 00:00:00",37897,
"2021-01-27 00:00:00",38403,
"2021-01-28 00:00:00",37522,
"2021-01-29 00:00:00",42046,
"2021-01-30 00:00:00",47000,
"2021-01-31 00:00:00",44056,
"2021-02-01 00:00:00",38757,
"2021-02-02 00:00:00",37909,
"2021-02-03 00:00:00",37750,
"2021-02-04 00:00:00",36391,
"2021-02-05 00:00:00",40625,
"2021-02-06 00:00:00",45998,
"2021-02-07 00:00:00",43686,
"2021-02-08 00:00:00",37829,
"2021-02-09 00:00:00",37998,
"2021-02-10 00:00:00",37532,
"2021-02-11 00:00:00",37364,
"2021-02-12 00:00:00",41657,
"2021-02-13 00:00:00",46134,
"2021-02-14 00:00:00",43200,
"2021-02-15 00:00:00",40124,
"2021-02-16 00:00:00",38561,
"2021-02-17 00:00:00",38089,
"2021-02-18 00:00:00",38107,
"2021-02-19 00:00:00",39589,
"2021-02-20 00:00:00",43656,
"2021-02-21 00:00:00",43324,
"2021-02-22 00:00:00",39981,
"2021-02-23 00:00:00",37579,
"2021-02-24 00:00:00",37228,
"2021-02-25 00:00:00",36375,
"2021-02-26 00:00:00",39463,
"2021-02-27 00:00:00",43453,
"2021-02-28 00:00:00",41486,
"2021-03-01 00:00:00",35376,
"2021-03-02 00:00:00",34991,
"2021-03-03 00:00:00",35008,
"2021-03-04 00:00:00",35114,
"2021-03-05 00:00:00",38612,
"2021-03-06 00:00:00",42800,
"2021-03-07 00:00:00",42940,
"2021-03-08 00:00:00",35439,
"2021-03-09 00:00:00",33873,
"2021-03-10 00:00:00",33778,
"2021-03-11 00:00:00",33112,
"2021-03-12 00:00:00",38040,
"2021-03-13 00:00:00",42528,
"2021-03-14 00:00:00",40181,
"2021-03-15 00:00:00",35302,
"2021-03-16 00:00:00",34214,
"2021-03-17 00:00:00",34966,
"2021-03-18 00:00:00",34544,
"2021-03-19 00:00:00",38721,
"2021-03-20 00:00:00",42021,
"2021-03-21 00:00:00",41483,
"2021-03-22 00:00:00",35622,
"2021-03-23 00:00:00",35586,
"2021-03-24 00:00:00",36203,
"2021-03-25 00:00:00",35425,
"2021-03-26 00:00:00",37964,
"2021-03-27 00:00:00",41731,
"2021-03-28 00:00:00",41342,
"2021-03-29 00:00:00",35986,
"2021-03-30 00:00:00",35275,
"2021-03-31 00:00:00",34822,
"2021-04-01 00:00:00",35035,
"2021-04-02 00:00:00",39407,
"2021-04-03 00:00:00",40942,
"2021-04-04 00:00:00",39140,
"2021-04-05 00:00:00",38413,
"2021-04-06 00:00:00",36224,
"2021-04-07 00:00:00",36913,
"2021-04-08 00:00:00",35573,
"2021-04-09 00:00:00",37839,
"2021-04-10 00:00:00",41855,
"2021-04-11 00:00:00",41001,
"2021-04-12 00:00:00",35457,
"2021-04-13 00:00:00",34500,
"2021-04-14 00:00:00",35154,
"2021-04-15 00:00:00",34194,
"2021-04-16 00:00:00",36905,
"2021-04-17 00:00:00",40737,
"2021-04-18 00:00:00",40087,
"2021-04-19 00:00:00",34592,
"2021-04-20 00:00:00",34120,
"2021-04-21 00:00:00",35209,
"2021-04-22 00:00:00",34095,
"2021-04-23 00:00:00",37027,
"2021-04-24 00:00:00",41040,
"2021-04-25 00:00:00",40811,
"2021-04-26 00:00:00",35098,
"2021-04-27 00:00:00",34208,
"2021-04-28 00:00:00",34412,
"2021-04-29 00:00:00",33813,
"2021-04-30 00:00:00",36582,
"2021-05-01 00:00:00",40143,
"2021-05-02 00:00:00",39977,
"2021-05-03 00:00:00",35885,
"2021-05-04 00:00:00",35523,
"2021-05-05 00:00:00",36516,
"2021-05-06 00:00:00",35145,
"2021-05-07 00:00:00",37772,
"2021-05-08 00:00:00",41224,
"2021-05-09 00:00:00",40066,
"2021-05-10 00:00:00",34099,
"2021-05-11 00:00:00",33050,
"2021-05-12 00:00:00",35055,
"2021-05-13 00:00:00",33700,
"2021-05-14 00:00:00",36279,
"2021-05-15 00:00:00",40632,
"2021-05-16 00:00:00",39659,
"2021-05-17 00:00:00",33432,
"2021-05-18 00:00:00",33374,
"2021-05-19 00:00:00",33197,
"2021-05-20 00:00:00",32548,
"2021-05-21 00:00:00",35366,
"2021-05-22 00:00:00",38337,
"2021-05-23 00:00:00",38599,
"2021-05-24 00:00:00",35119,
"2021-05-25 00:00:00",34801,
"2021-05-26 00:00:00",34596,
"2021-05-27 00:00:00",34068,
"2021-05-28 00:00:00",35378,
"2021-05-29 00:00:00",36553,
"2021-05-30 00:00:00",36458,
"2021-05-31 00:00:00",35290,
"2021-06-01 00:00:00",33695,
"2021-06-02 00:00:00",34284,
"2021-06-03 00:00:00",34223,
"2021-06-04 00:00:00",35988,
"2021-06-05 00:00:00",36799,
"2021-06-06 00:00:00",37797,
"2021-06-07 00:00:00",35537,
"2021-06-08 00:00:00",33935,
"2021-06-09 00:00:00",32246,
"2021-06-10 00:00:00",33526,
"2021-06-11 00:00:00",34767,
"2021-06-12 00:00:00",34946,
"2021-06-13 00:00:00",36077,
"2021-06-14 00:00:00",35170,
"2021-06-15 00:00:00",34969,
"2021-06-16 00:00:00",35143,
"2021-06-17 00:00:00",35346,
"2021-06-18 00:00:00",35390,
"2021-06-19 00:00:00",35807,
"2021-06-20 00:00:00",36693,
"2021-06-21 00:00:00",36857,
"2021-06-22 00:00:00",36534,
"2021-06-23 00:00:00",35620,
"2021-06-24 00:00:00",36199,
"2021-06-25 00:00:00",37262,
"2021-06-26 00:00:00",37323,
"2021-06-27 00:00:00",39090,
"2021-06-28 00:00:00",38909,
"2021-06-29 00:00:00",39238,
"2021-06-30 00:00:00",39465,
"2021-07-01 00:00:00",38763,
"2021-07-02 00:00:00",38402,
"2021-07-03 00:00:00",37431,
"2021-07-04 00:00:00",39068,
"2021-07-05 00:00:00",39656,
"2021-07-06 00:00:00",39269,
"2021-07-07 00:00:00",39121,
"2021-07-08 00:00:00",38943,
"2021-07-09 00:00:00",37650,
"2021-07-10 00:00:00",37215,
"2021-07-11 00:00:00",38067,
"2021-07-12 00:00:00",38902,
"2021-07-13 00:00:00",38941,
"2021-07-14 00:00:00",37605,
"2021-07-15 00:00:00",37929,
"2021-07-16 00:00:00",36908,
"2021-07-17 00:00:00",36496,
"2021-07-18 00:00:00",37745,
"2021-07-19 00:00:00",37490,
"2021-07-20 00:00:00",36356,
"2021-07-21 00:00:00",36520,
"2021-07-22 00:00:00",36248,
"2021-07-23 00:00:00",35991,
"2021-07-24 00:00:00",35974,
"2021-07-25 00:00:00",37482,
"2021-07-26 00:00:00",37812,
"2021-07-27 00:00:00",38135,
"2021-07-28 00:00:00",38601,
"2021-07-29 00:00:00",37986,
"2021-07-30 00:00:00",37409,
"2021-07-31 00:00:00",36656,
"2021-08-01 00:00:00",38702,
"2021-08-02 00:00:00",38651,
"2021-08-03 00:00:00",38221,
"2021-08-04 00:00:00",37480,
"2021-08-05 00:00:00",37645,
"2021-08-06 00:00:00",37879,
"2021-08-07 00:00:00",36870,
"2021-08-08 00:00:00",38838,
"2021-08-09 00:00:00",38470,
"2021-08-10 00:00:00",37126,
"2021-08-11 00:00:00",36664,
"2021-08-12 00:00:00",36188,
"2021-08-13 00:00:00",35688,
"2021-08-14 00:00:00",36909,
"2021-08-15 00:00:00",39268,
"2021-08-16 00:00:00",37592,
"2021-08-17 00:00:00",36926,
"2021-08-18 00:00:00",37022,
"2021-08-19 00:00:00",36481,
"2021-08-20 00:00:00",36445,
"2021-08-21 00:00:00",39133,
"2021-08-22 00:00:00",41253,
"2021-08-23 00:00:00",37170,
"2021-08-24 00:00:00",36523,
"2021-08-25 00:00:00",36197,
"2021-08-26 00:00:00",36623,
"2021-08-27 00:00:00",35890,
"2021-08-28 00:00:00",39679,
"2021-08-29 00:00:00",41842,
"2021-08-30 00:00:00",37635,
"2021-08-31 00:00:00",35223,
"2021-09-01 00:00:00",32866,
"2021-09-02 00:00:00",31172,
"2021-09-03 00:00:00",33577,
"2021-09-04 00:00:00",39256,
"2021-09-05 00:00:00",38508,
"2021-09-06 00:00:00",35946,
"2021-09-07 00:00:00",29961,
"2021-09-08 00:00:00",29291,
"2021-09-09 00:00:00",28349,
"2021-09-10 00:00:00",31172,
"2021-09-11 00:00:00",38430,
"2021-09-12 00:00:00",37773,
"2021-09-13 00:00:00",29535,
"2021-09-14 00:00:00",29194,
"2021-09-15 00:00:00",28828,
"2021-09-16 00:00:00",30350,
"2021-09-17 00:00:00",31676,
"2021-09-18 00:00:00",38019,
"2021-09-19 00:00:00",38775,
"2021-09-20 00:00:00",29663,
"2021-09-21 00:00:00",28857,
"2021-09-22 00:00:00",27862,
"2021-09-23 00:00:00",28002,
"2021-09-24 00:00:00",31431,
"2021-09-25 00:00:00",37900,
"2021-09-26 00:00:00",38051,
"2021-09-27 00:00:00",28939,
"2021-09-28 00:00:00",28024,
"2021-09-29 00:00:00",28368,
"2021-09-30 00:00:00",27810,
"2021-10-01 00:00:00",30818,
"2021-10-02 00:00:00",37589,
"2021-10-03 00:00:00",37814,
"2021-10-04 00:00:00",28931,
"2021-10-05 00:00:00",28586,
"2021-10-06 00:00:00",28064,
"2021-10-07 00:00:00",26982,
"2021-10-08 00:00:00",31225,
"2021-10-09 00:00:00",37341,
"2021-10-10 00:00:00",36961,
"2021-10-11 00:00:00",31688,
"2021-10-12 00:00:00",28581,
"2021-10-13 00:00:00",28835,
"2021-10-14 00:00:00",28255,
"2021-10-15 00:00:00",31871,
"2021-10-16 00:00:00",38107,
"2021-10-17 00:00:00",36983,
"2021-10-18 00:00:00",28831,
"2021-10-19 00:00:00",28351,
"2021-10-20 00:00:00",28958,
"2021-10-21 00:00:00",28479,
"2021-10-22 00:00:00",32037,
"2021-10-23 00:00:00",38212,
"2021-10-24 00:00:00",38733,
"2021-10-25 00:00:00",30823,
"2021-10-26 00:00:00",30397,
"2021-10-27 00:00:00",30718,
"2021-10-28 00:00:00",30795,
"2021-10-29 00:00:00",36304,
"2021-10-30 00:00:00",44181,
"2021-10-31 00:00:00",44736,
"2021-11-01 00:00:00",35587,
"2021-11-02 00:00:00",34279,
"2021-11-03 00:00:00",33211,
"2021-11-04 00:00:00",33385,
"2021-11-05 00:00:00",34747,
"2021-11-06 00:00:00",41027,
"2021-11-07 00:00:00",39286,
"2021-11-08 00:00:00",29182,
"2021-11-09 00:00:00",28445,
"2021-11-10 00:00:00",29395,
"2021-11-11 00:00:00",31810,
"2021-11-12 00:00:00",32862,
"2021-11-13 00:00:00",39018,
"2021-11-14 00:00:00",37650,
"2021-11-15 00:00:00",28689,
"2021-11-16 00:00:00",27293,
"2021-11-17 00:00:00",27828,
"2021-11-18 00:00:00",27347,
"2021-11-19 00:00:00",30996,
"2021-11-20 00:00:00",37319,
"2021-11-21 00:00:00",36092,
"2021-11-22 00:00:00",29348,
"2021-11-23 00:00:00",29092,
"2021-11-24 00:00:00",31109,
"2021-11-25 00:00:00",29965,
"2021-11-26 00:00:00",34255,
"2021-11-27 00:00:00",37036,
"2021-11-28 00:00:00",36547,
"2021-11-29 00:00:00",28292,
"2021-11-30 00:00:00",27662,
"2021-12-01 00:00:00",28076,
"2021-12-02 00:00:00",27103,
"2021-12-03 00:00:00",30554,
"2021-12-04 00:00:00",36959,
"2021-12-05 00:00:00",35744,
"2021-12-06 00:00:00",27767,
"2021-12-07 00:00:00",27563,
"2021-12-08 00:00:00",28269,
"2021-12-09 00:00:00",27433,
"2021-12-10 00:00:00",31065,
"2021-12-11 00:00:00",37588,
"2021-12-12 00:00:00",36173,
"2021-12-13 00:00:00",28097,
"2021-12-14 00:00:00",27939,
"2021-12-15 00:00:00",26162,
"2021-12-16 00:00:00",27190,
"2021-12-17 00:00:00",30625,
"2021-12-18 00:00:00",35900,
"2021-12-19 00:00:00",34829,
"2021-12-20 00:00:00",32214,
"2021-12-21 00:00:00",32615,
"2021-12-22 00:00:00",32916,
"2021-12-23 00:00:00",33453,
"2021-12-24 00:00:00",29758,
"2021-12-25 00:00:00",31577,
"2021-12-26 00:00:00",33450,
"2021-12-27 00:00:00",35835,
"2021-12-28 00:00:00",37528,
"2021-12-29 00:00:00",38766,
"2021-12-30 00:00:00",38652,
"2021-12-31 00:00:00",32872,
"2022-01-01 00:00:00",39803,
"2022-01-02 00:00:00",40657,
"2022-01-03 00:00:00",38316,
"2022-01-04 00:00:00",37665,
"2022-01-05 00:00:00",36798,
"2022-01-06 00:00:00",36884,
"2022-01-07 00:00:00",38738,
"2022-01-08 00:00:00",43787,
"2022-01-09 00:00:00",41285,
"2022-01-10 00:00:00",32709,
"2022-01-11 00:00:00",32459,
"2022-01-12 00:00:00",32316,
"2022-01-13 00:00:00",32432,
"2022-01-14 00:00:00",36338,
"2022-01-15 00:00:00",43377,
"2022-01-16 00:00:00",42314,
"2022-01-17 00:00:00",39307,
"2022-01-18 00:00:00",33840,
"2022-01-19 00:00:00",33281,
"2022-01-20 00:00:00",33241,
"2022-01-21 00:00:00",38404,
"2022-01-22 00:00:00",45812,
"2022-01-23 00:00:00",43438,
"2022-01-24 00:00:00",34066,
"2022-01-25 00:00:00",33573,
"2022-01-26 00:00:00",33982,
"2022-01-27 00:00:00",34202,
"2022-01-28 00:00:00",37250,
"2022-01-29 00:00:00",45475,
"2022-01-30 00:00:00",44781,
"2022-01-31 00:00:00",35573,
"2022-02-01 00:00:00",34441,
"2022-02-02 00:00:00",35740,
"2022-02-03 00:00:00",35636,
"2022-02-04 00:00:00",39155,
"2022-02-05 00:00:00",43593,
"2022-02-06 00:00:00",43035,
"2022-02-07 00:00:00",33404,
"2022-02-08 00:00:00",33245,
"2022-02-09 00:00:00",32515,
"2022-02-10 00:00:00",31889,
"2022-02-11 00:00:00",34931,
"2022-02-12 00:00:00",42158,
"2022-02-13 00:00:00",40726,
"2022-02-14 00:00:00",32065,
"2022-02-15 00:00:00",31514,
"2022-02-16 00:00:00",31828,
"2022-02-17 00:00:00",31719,
"2022-02-18 00:00:00",36671,
"2022-02-19 00:00:00",43858,
"2022-02-20 00:00:00",40783,
"2022-02-21 00:00:00",36647,
"2022-02-22 00:00:00",33646,
"2022-02-23 00:00:00",32253,
"2022-02-24 00:00:00",30765,
"2022-02-25 00:00:00",33343,
"2022-02-26 00:00:00",39647,
"2022-02-27 00:00:00",38351,
"2022-02-28 00:00:00",29746,
"2022-03-01 00:00:00",29049,
"2022-03-02 00:00:00",28609,
"2022-03-03 00:00:00",28370,
"2022-03-04 00:00:00",30442,
"2022-03-05 00:00:00",39056,
"2022-03-06 00:00:00",40476,
"2022-03-07 00:00:00",32381,
"2022-03-08 00:00:00",29807,
"2022-03-09 00:00:00",28958,
"2022-03-10 00:00:00",28646,
"2022-03-11 00:00:00",32328,
"2022-03-12 00:00:00",40696,
"2022-03-13 00:00:00",39294,
"2022-03-14 00:00:00",30878,
"2022-03-15 00:00:00",30019,
"2022-03-16 00:00:00",30441,
"2022-03-17 00:00:00",29492,
"2022-03-18 00:00:00",33347,
"2022-03-19 00:00:00",39216,
"2022-03-20 00:00:00",39166,
"2022-03-21 00:00:00",30293,
"2022-03-22 00:00:00",29391,
"2022-03-23 00:00:00",29606,
"2022-03-24 00:00:00",29876,
"2022-03-25 00:00:00",32501,
"2022-03-26 00:00:00",39523,
"2022-03-27 00:00:00",39888,
"2022-03-28 00:00:00",30959,
"2022-03-29 00:00:00",30683,
"2022-03-30 00:00:00",30505,
"2022-03-31 00:00:00",29604,
"2022-04-01 00:00:00",33582,
"2022-04-02 00:00:00",39653,
"2022-04-03 00:00:00",40226,
"2022-04-04 00:00:00",30896,
"2022-04-05 00:00:00",29702,
"2022-04-06 00:00:00",29850,
"2022-04-07 00:00:00",29350,
"2022-04-08 00:00:00",32332,
"2022-04-09 00:00:00",39267,
"2022-04-10 00:00:00",38668,
"2022-04-11 00:00:00",30955,
"2022-04-12 00:00:00",30663,
"2022-04-13 00:00:00",30929,
"2022-04-14 00:00:00",31611,
"2022-04-15 00:00:00",36677,
"2022-04-16 00:00:00",38282,
"2022-04-17 00:00:00",36953,
"2022-04-18 00:00:00",34512,
"2022-04-19 00:00:00",31325,
"2022-04-20 00:00:00",30569,
"2022-04-21 00:00:00",30900,
"2022-04-22 00:00:00",32510,
"2022-04-23 00:00:00",38392,
"2022-04-24 00:00:00",39018,
"2022-04-25 00:00:00",29408,
"2022-04-26 00:00:00",29127,
"2022-04-27 00:00:00",28176,
"2022-04-28 00:00:00",28135,
"2022-04-29 00:00:00",30325,
"2022-04-30 00:00:00",36570,
"2022-05-01 00:00:00",38338,
"2022-05-02 00:00:00",30558,
"2022-05-03 00:00:00",29350,
"2022-05-04 00:00:00",28517,
"2022-05-05 00:00:00",27860,
"2022-05-06 00:00:00",30319,
"2022-05-07 00:00:00",37372,
"2022-05-08 00:00:00",37841,
"2022-05-09 00:00:00",30142,
"2022-05-10 00:00:00",29233,
"2022-05-11 00:00:00",28440,
"2022-05-12 00:00:00",27989,
"2022-05-13 00:00:00",31027,
"2022-05-14 00:00:00",38062,
"2022-05-15 00:00:00",39046,
"2022-05-16 00:00:00",30284,
"2022-05-17 00:00:00",29919,
"2022-05-18 00:00:00",30570,
"2022-05-19 00:00:00",30782,
"2022-05-20 00:00:00",33101,
"2022-05-21 00:00:00",39609,
"2022-05-22 00:00:00",40251,
"2022-05-23 00:00:00",33447,
"2022-05-24 00:00:00",32841,
"2022-05-25 00:00:00",33409,
"2022-05-26 00:00:00",34581,
"2022-05-27 00:00:00",36351,
"2022-05-28 00:00:00",40538,
"2022-05-29 00:00:00",41361,
"2022-05-30 00:00:00",39189,
"2022-05-31 00:00:00",36520,
"2022-06-01 00:00:00",35765,
"2022-06-02 00:00:00",35784,
"2022-06-03 00:00:00",36748,
"2022-06-04 00:00:00",39137,
"2022-06-05 00:00:00",41017,
"2022-06-06 00:00:00",37089,
"2022-06-07 00:00:00",36717,
"2022-06-08 00:00:00",36796,
"2022-06-09 00:00:00",36089,
"2022-06-10 00:00:00",37372,
"2022-06-11 00:00:00",38893,
"2022-06-12 00:00:00",39968,
"2022-06-13 00:00:00",37743,
"2022-06-14 00:00:00",36132,
"2022-06-15 00:00:00",35896,
"2022-06-16 00:00:00",36310,
"2022-06-17 00:00:00",36786,
"2022-06-18 00:00:00",37741,
"2022-06-19 00:00:00",39296,
"2022-06-20 00:00:00",39251,
"2022-06-21 00:00:00",37519,
"2022-06-22 00:00:00",37651,
"2022-06-23 00:00:00",37017,
"2022-06-24 00:00:00",39237,
"2022-06-25 00:00:00",39660,
"2022-06-26 00:00:00",42483,
"2022-06-27 00:00:00",41269,
"2022-06-28 00:00:00",40937,
"2022-06-29 00:00:00",40780,
"2022-06-30 00:00:00",40133,
"2022-07-01 00:00:00",38568,
"2022-07-02 00:00:00",39401,
"2022-07-03 00:00:00",40944,
"2022-07-04 00:00:00",40856,
"2022-07-05 00:00:00",41269,
"2022-07-06 00:00:00",41339,
"2022-07-07 00:00:00",41552,
"2022-07-08 00:00:00",39180,
"2022-07-09 00:00:00",38445,
"2022-07-10 00:00:00",40578,
"2022-07-11 00:00:00",39610,
"2022-07-12 00:00:00",39054,
"2022-07-13 00:00:00",38823,
"2022-07-14 00:00:00",38368,
"2022-07-15 00:00:00",38409,
"2022-07-16 00:00:00",38120,
"2022-07-17 00:00:00",40484,
"2022-07-18 00:00:00",39899,
"2022-07-19 00:00:00",39224,
"2022-07-20 00:00:00",38930,
"2022-07-21 00:00:00",38720,
"2022-07-22 00:00:00",38658,
"2022-07-23 00:00:00",37984,
"2022-07-24 00:00:00",39973,
"2022-07-25 00:00:00",40188,
"2022-07-26 00:00:00",40550,
"2022-07-27 00:00:00",40679,
"2022-07-28 00:00:00",41178,
"2022-07-29 00:00:00",41318,
"2022-07-30 00:00:00",40822,
"2022-07-31 00:00:00",43552,
"2022-08-01 00:00:00",42860,
"2022-08-02 00:00:00",42623,
"2022-08-03 00:00:00",41308,
"2022-08-04 00:00:00",41019,
"2022-08-05 00:00:00",40883,
"2022-08-06 00:00:00",41675,
"2022-08-07 00:00:00",43609,
"2022-08-08 00:00:00",41547,
"2022-08-09 00:00:00",40403,
"2022-08-10 00:00:00",39061,
"2022-08-11 00:00:00",37724,
"2022-08-12 00:00:00",37704,
"2022-08-13 00:00:00",39331,
"2022-08-14 00:00:00",41018,
"2022-08-15 00:00:00",38719,
"2022-08-16 00:00:00",37366,
"2022-08-17 00:00:00",37097,
"2022-08-18 00:00:00",36638,
"2022-08-19 00:00:00",36319,
"2022-08-20 00:00:00",40152,
"2022-08-21 00:00:00",42139,
"2022-08-22 00:00:00",37278,
"2022-08-23 00:00:00",36001,
"2022-08-24 00:00:00",35993,
"2022-08-25 00:00:00",35680,
"2022-08-26 00:00:00",36882,
"2022-08-27 00:00:00",41661,
"2022-08-28 00:00:00",44381,
"2022-08-29 00:00:00",38602,
"2022-08-30 00:00:00",38727,
"2022-08-31 00:00:00",36150,
"2022-09-01 00:00:00",34007,
"2022-09-02 00:00:00",36856,
"2022-09-03 00:00:00",44489,
"2022-09-04 00:00:00",42051,
"2022-09-05 00:00:00",39033,
"2022-09-06 00:00:00",30849,
"2022-09-07 00:00:00",30583,
"2022-09-08 00:00:00",29782,
"2022-09-09 00:00:00",32771,
"2022-09-10 00:00:00",41875,
"2022-09-11 00:00:00",42001,
"2022-09-12 00:00:00",30271,
"2022-09-13 00:00:00",29576,
"2022-09-14 00:00:00",29587,
"2022-09-15 00:00:00",29489,
"2022-09-16 00:00:00",32970,
"2022-09-17 00:00:00",41213,
"2022-09-18 00:00:00",40947,
"2022-09-19 00:00:00",30456,
"2022-09-20 00:00:00",28944,
"2022-09-21 00:00:00",28946,
"2022-09-22 00:00:00",28889,
"2022-09-23 00:00:00",32489,21201
"2022-09-24 00:00:00",40505,28354
"2022-09-25 00:00:00",39684,27996
"2022-09-26 00:00:00",29829,19520
"2022-09-27 00:00:00",28713,18613
"2022-09-28 00:00:00",28335,18616
"2022-09-29 00:00:00",27651,18011
"2022-09-30 00:00:00",31601,20589
"2022-10-01 00:00:00",39122,27160
"2022-10-02 00:00:00",38530,27540
"2022-10-03 00:00:00",28984,19608
"2022-10-04 00:00:00",27709,18449
"2022-10-05 00:00:00",28167,18954
"2022-10-06 00:00:00",26645,18010
"2022-10-07 00:00:00",31175,20406
"2022-10-08 00:00:00",37665,26134
"2022-10-09 00:00:00",37791,26390
"2022-10-10 00:00:00",31692,20477
"2022-10-11 00:00:00",28165,18676
"2022-10-12 00:00:00",28539,18944
"2022-10-13 00:00:00",28427,18640
"2022-10-14 00:00:00",32977,21305
"2022-10-15 00:00:00",40148,27892
"2022-10-16 00:00:00",38366,27576
"2022-10-17 00:00:00",28970,19167
"2022-10-18 00:00:00",28060,18446
"2022-10-19 00:00:00",28073,18448
"2022-10-20 00:00:00",27752,18211
"2022-10-21 00:00:00",31749,20426
"2022-10-22 00:00:00",38874,26852
"2022-10-23 00:00:00",39241,27444
"2022-10-24 00:00:00",30227,20609
"2022-10-25 00:00:00",28803,19616
"2022-10-26 00:00:00",29095,19537
"2022-10-27 00:00:00",28793,19616
"2022-10-28 00:00:00",32218,21586
"2022-10-29 00:00:00",38799,26844
"2022-10-30 00:00:00",39887,27746
"2022-10-31 00:00:00",30133,22064
"2022-11-01 00:00:00",31189,21598
"2022-11-02 00:00:00",31128,21436
"2022-11-03 00:00:00",31419,21626
"2022-11-04 00:00:00",33813,23267
"2022-11-05 00:00:00",44317,28737
"2022-11-06 00:00:00",39843,28077
"2022-11-07 00:00:00",28381,19020
"2022-11-08 00:00:00",29368,18927
"2022-11-09 00:00:00",27693,18299
"2022-11-10 00:00:00",28214,18611
"2022-11-11 00:00:00",35032,22922
"2022-11-12 00:00:00",40262,28597
"2022-11-13 00:00:00",38849,28222
"2022-11-14 00:00:00",28243,19108
"2022-11-15 00:00:00",27316,18293
"2022-11-16 00:00:00",26755,18282
"2022-11-17 00:00:00",26423,17750
"2022-11-18 00:00:00",30802,20304
"2022-11-19 00:00:00",38164,27035
"2022-11-20 00:00:00",36954,26829
"2022-11-21 00:00:00",29195,19470
"2022-11-22 00:00:00",28901,19182
"2022-11-23 00:00:00",30916,20241
"2022-11-24 00:00:00",30345,19945
"2022-11-25 00:00:00",35122,22668
"2022-11-26 00:00:00",38417,27957
"2022-11-27 00:00:00",37562,27466
"2022-11-28 00:00:00",28326,19369
"2022-11-29 00:00:00",27490,18670
"2022-11-30 00:00:00",27163,18787
"2022-12-01 00:00:00",26607,18285
"2022-12-02 00:00:00",30220,20608
"2022-12-03 00:00:00",37434,26979
"2022-12-04 00:00:00",35989,26807
"2022-12-05 00:00:00",26873,18868
"2022-12-06 00:00:00",26608,18417
"2022-12-07 00:00:00",26934,18745
"2022-12-08 00:00:00",27222,18508
"2022-12-09 00:00:00",29917,20162
"2022-12-10 00:00:00",36722,26150
"2022-12-11 00:00:00",35606,26081
"2022-12-12 00:00:00",26642,18813
"2022-12-13 00:00:00",26551,18187
"2022-12-14 00:00:00",26529,18343
"2022-12-15 00:00:00",27319,18488
"2022-12-16 00:00:00",30368,20616
"2022-12-17 00:00:00",35990,25756
"2022-12-18 00:00:00",34167,25408
"2022-12-19 00:00:00",31206,21787
"2022-12-20 00:00:00",31308,21843
"2022-12-21 00:00:00",32156,22731
"2022-12-22 00:00:00",32947,23778
"2022-12-23 00:00:00",36433,25758
"2022-12-24 00:00:00",31665,25169
"2022-12-25 00:00:00",31858,23676
"2022-12-26 00:00:00",35035,25135
"2022-12-27 00:00:00",37199,26945
"2022-12-28 00:00:00",38460,27797
"2022-12-29 00:00:00",38949,28601
"2022-12-30 00:00:00",39348,29139
"2022-12-31 00:00:00",33375,27636
"2023-01-01 00:00:00",39257,28030
"2023-01-02 00:00:00",39948,29031
"2023-01-03 00:00:00",37419,26707
"2023-01-04 00:00:00",36404,26354
"2023-01-05 00:00:00",36114,25733
"2023-01-06 00:00:00",37664,26993
"2023-01-07 00:00:00",43115,30756
"2023-01-08 00:00:00",42091,30612
"2023-01-09 00:00:00",32963,23244
"2023-01-10 00:00:00",31892,22271
"2023-01-11 00:00:00",31341,21703
"2023-01-12 00:00:00",30434,20941
"2023-01-13 00:00:00",34378,23373
"2023-01-14 00:00:00",42578,30040
"2023-01-15 00:00:00",41184,30124
"2023-01-16 00:00:00",37225,24606
"2023-01-17 00:00:00",31032,21565
"2023-01-18 00:00:00",30921,21417
"2023-01-19 00:00:00",31343,21702
"2023-01-20 00:00:00",34241,23279
"2023-01-21 00:00:00",42686,29862
"2023-01-22 00:00:00",41324,30119
"2023-01-23 00:00:00",31821,22179
"2023-01-24 00:00:00",31268,21193
"2023-01-25 00:00:00",32155,21654
"2023-01-26 00:00:00",30934,21189
"2023-01-27 00:00:00",33977,23188
"2023-01-28 00:00:00",45446,29456
"2023-01-29 00:00:00",39841,29137
"2023-01-30 00:00:00",31384,21738
"2023-01-31 00:00:00",31043,21208
"2023-02-01 00:00:00",30275,20977
"2023-02-02 00:00:00",30276,20484
"2023-02-03 00:00:00",33429,22602
"2023-02-04 00:00:00",44416,29099
"2023-02-05 00:00:00",39457,28899
"2023-02-06 00:00:00",29483,20390
"2023-02-07 00:00:00",28622,19370
"2023-02-08 00:00:00",28485,19620
"2023-02-09 00:00:00",27281,19012
"2023-02-10 00:00:00",30893,21002
"2023-02-11 00:00:00",38313,27331
"2023-02-12 00:00:00",38105,27614
"2023-02-13 00:00:00",29957,20593
"2023-02-14 00:00:00",28297,19449
"2023-02-15 00:00:00",28335,19403
"2023-02-16 00:00:00",29121,19815
"2023-02-17 00:00:00",33590,22532
"2023-02-18 00:00:00",39416,27916
"2023-02-19 00:00:00",38502,28096
"2023-02-20 00:00:00",35611,23913
"2023-02-21 00:00:00",31237,21469
"2023-02-22 00:00:00",32277,21949
"2023-02-23 00:00:00",31812,22599
"2023-02-24 00:00:00",32526,23345
"2023-02-25 00:00:00",39181,27781
"2023-02-26 00:00:00",37244,27200
"2023-02-27 00:00:00",28062,19056
"2023-02-28 00:00:00",27934,18472
"2023-03-01 00:00:00",27412,18286
"2023-03-02 00:00:00",26960,17999
"2023-03-03 00:00:00",30707,20277
"2023-03-04 00:00:00",37484,26691
"2023-03-05 00:00:00",37253,26992
"2023-03-06 00:00:00",27898,18522
"2023-03-07 00:00:00",29737,19278
"2023-03-08 00:00:00",28276,19676
"2023-03-09 00:00:00",27040,17819
"2023-03-10 00:00:00",30679,20323
"2023-03-11 00:00:00",37624,26782
"2023-03-12 00:00:00",37160,26853
"2023-03-13 00:00:00",29512,19187
"2023-03-14 00:00:00",29327,18596
"2023-03-15 00:00:00",28590,18874
"2023-03-16 00:00:00",28611,18481
"2023-03-17 00:00:00",32891,20935
"2023-03-18 00:00:00",38519,26987
"2023-03-19 00:00:00",38588,27320
"2023-03-20 00:00:00",30025,19747
"2023-03-21 00:00:00",29348,19161
"2023-03-22 00:00:00",28880,19322
"2023-03-23 00:00:00",29049,19169
"2023-03-24 00:00:00",32153,21326
"2023-03-25 00:00:00",38364,26915
"2023-03-26 00:00:00",38970,27200
"2023-03-27 00:00:00",30364,20099
"2023-03-28 00:00:00",30526,19617
"2023-03-29 00:00:00",30032,19865
"2023-03-30 00:00:00",29841,19610
"2023-03-31 00:00:00",33434,21990
"2023-04-01 00:00:00",39010,27346
"2023-04-02 00:00:00",38104,27012
"2023-04-03 00:00:00",29920,20111
"2023-04-04 00:00:00",29525,19577
"2023-04-05 00:00:00",29279,20194
"2023-04-06 00:00:00",30274,20505
"2023-04-07 00:00:00",34951,23174
"2023-04-08 00:00:00",36258,25823
"2023-04-09 00:00:00",34797,25778
"2023-04-10 00:00:00",32543,22271
"2023-04-11 00:00:00",29384,19850
"2023-04-12 00:00:00",28834,19388
"2023-04-13 00:00:00",27714,18956
"2023-04-14 00:00:00",30978,20926
"2023-04-15 00:00:00",37523,26211
"2023-04-16 00:00:00",37372,26489
"2023-04-17 00:00:00",28783,19345
"2023-04-18 00:00:00",27794,18525
"2023-04-19 00:00:00",27572,18517
"2023-04-20 00:00:00",27651,18564
"2023-04-21 00:00:00",30503,20320
"2023-04-22 00:00:00",37183,25953
"2023-04-23 00:00:00",36699,25971
"2023-04-24 00:00:00",28242,19080
"2023-04-25 00:00:00",27393,18429
"2023-04-26 00:00:00",27381,18031
"2023-04-27 00:00:00",26823,18052
"2023-04-28 00:00:00",29600,19762
"2023-04-29 00:00:00",36471,25430
"2023-04-30 00:00:00",38522,27051
"2023-05-01 00:00:00",31333,23310
"2023-05-02 00:00:00",27789,18813
"2023-05-03 00:00:00",26856,17968
"2023-05-04 00:00:00",27080,17420
"2023-05-05 00:00:00",29802,19501
"2023-05-06 00:00:00",36660,25029
"2023-05-07 00:00:00",37669,26092
"2023-05-08 00:00:00",29881,21123
"2023-05-09 00:00:00",27767,18689
"2023-05-10 00:00:00",27526,17702
"2023-05-11 00:00:00",26624,17198
"2023-05-12 00:00:00",30197,19288
"2023-05-13 00:00:00",36147,25154
"2023-05-14 00:00:00",35817,25096
"2023-05-15 00:00:00",27943,18125
"2023-05-16 00:00:00",27969,17617
"2023-05-17 00:00:00",27813,18746
"2023-05-18 00:00:00",28267,19200
"2023-05-19 00:00:00",31253,20801
"2023-05-20 00:00:00",37894,26187
"2023-05-21 00:00:00",37617,26390
"2023-05-22 00:00:00",30481,19739
"2023-05-23 00:00:00",30051,19610
"2023-05-24 00:00:00",30809,20404
"2023-05-25 00:00:00",31281,20737
"2023-05-26 00:00:00",34537,22753
"2023-05-27 00:00:00",38130,27055
"2023-05-28 00:00:00",38723,27532
"2023-05-29 00:00:00",36955,25130
"2023-05-30 00:00:00",33375,22316
"2023-05-31 00:00:00",33340,22614
"2023-06-01 00:00:00",33348,22382
"2023-06-02 00:00:00",34718,23571
"2023-06-03 00:00:00",38262,27222
"2023-06-04 00:00:00",39045,27228
"2023-06-05 00:00:00",34099,22959
"2023-06-06 00:00:00",33714,22457
"2023-06-07 00:00:00",33381,22672
"2023-06-08 00:00:00",34415,23132
"2023-06-09 00:00:00",34792,23941
"2023-06-10 00:00:00",36646,26540
"2023-06-11 00:00:00",38050,26776
"2023-06-12 00:00:00",34367,23086
"2023-06-13 00:00:00",33284,22373
"2023-06-14 00:00:00",33143,22185
"2023-06-15 00:00:00",32977,22093
"2023-06-16 00:00:00",33409,22859
"2023-06-17 00:00:00",34779,25162
"2023-06-18 00:00:00",35257,25060
"2023-06-19 00:00:00",34830,23021
"2023-06-20 00:00:00",33698,22700
"2023-06-21 00:00:00",33171,22980
"2023-06-22 00:00:00",33456,23053
"2023-06-23 00:00:00",33724,23746
"2023-06-24 00:00:00",34610,25105
"2023-06-25 00:00:00",35664,25315
"2023-06-26 00:00:00",34558,23710
"2023-06-27 00:00:00",34276,23552
"2023-06-28 00:00:00",33130,23484
"2023-06-29 00:00:00",35588,24408
"2023-06-30 00:00:00",36923,26177
"2023-07-01 00:00:00",38310,27657
"2023-07-02 00:00:00",39645,28289
"2023-07-03 00:00:00",38598,27201
"2023-07-04 00:00:00",38083,26910
"2023-07-05 00:00:00",37541,26415
"2023-07-06 00:00:00",37274,26699
"2023-07-07 00:00:00",37236,27030
"2023-07-08 00:00:00",37360,27743
"2023-07-09 00:00:00",39278,28437
"2023-07-10 00:00:00",38463,27360
"2023-07-11 00:00:00",37953,27060
"2023-07-12 00:00:00",38153,27180
"2023-07-13 00:00:00",37351,26949
"2023-07-14 00:00:00",35815,26434
"2023-07-15 00:00:00",36204,27034
"2023-07-16 00:00:00",38489,27622
"2023-07-17 00:00:00",37449,26572
"2023-07-18 00:00:00",36987,25826
"2023-07-19 00:00:00",36185,25591
"2023-07-20 00:00:00",35744,26080
"2023-07-21 00:00:00",35136,25616
"2023-07-22 00:00:00",35165,26180
"2023-07-23 00:00:00",37187,26814
"2023-07-24 00:00:00",36644,26208
"2023-07-25 00:00:00",35492,25339
"2023-07-26 00:00:00",35848,25549
"2023-07-27 00:00:00",35360,25536
"2023-07-28 00:00:00",34924,25776
"2023-07-29 00:00:00",35228,26098
"2023-07-30 00:00:00",36591,26798
"2023-07-31 00:00:00",35826,26109
"2023-08-01 00:00:00",34714,25525
"2023-08-02 00:00:00",34273,25191
"2023-08-03 00:00:00",34307,24855
"2023-08-04 00:00:00",33915,24715
"2023-08-05 00:00:00",34086,25301
"2023-08-06 00:00:00",35533,25910
"2023-08-07 00:00:00",34205,24722
"2023-08-08 00:00:00",33148,24154
"2023-08-09 00:00:00",32192,23744
"2023-08-10 00:00:00",31917,23472
"2023-08-11 00:00:00",31777,23582
"2023-08-12 00:00:00",33359,24777
"2023-08-13 00:00:00",35676,25512
"2023-08-14 00:00:00",32275,24017
"2023-08-15 00:00:00",32617,23447
"2023-08-16 00:00:00",31400,23004
"2023-08-17 00:00:00",30406,22795
"2023-08-18 00:00:00",31094,22978
"2023-08-19 00:00:00",33921,24763
"2023-08-20 00:00:00",35586,25537
"2023-08-21 00:00:00",31949,23393
"2023-08-22 00:00:00",30972,22249
"2023-08-23 00:00:00",31072,22471
"2023-08-24 00:00:00",30741,22388
"2023-08-25 00:00:00",31388,22744
"2023-08-26 00:00:00",34882,24961
"2023-08-27 00:00:00",36844,25860
"2023-08-28 00:00:00",31972,22968
"2023-08-29 00:00:00",32081,22522
"2023-08-30 00:00:00",31365,22383
"2023-08-31 00:00:00",29612,21312
"2023-09-01 00:00:00",29641,20728
"2023-09-02 00:00:00",34548,24305
"2023-09-03 00:00:00",34144,24298
"2023-09-04 00:00:00",30912,19975
"2023-09-05 00:00:00",25533,16930
"2023-09-06 00:00:00",24976,16213
"2023-09-07 00:00:00",25539,16268
"2023-09-08 00:00:00",27368,18667
"2023-09-09 00:00:00",33597,24019
"2023-09-10 00:00:00",33298,23929
"2023-09-11 00:00:00",25685,16841
"2023-09-12 00:00:00",24484,15901
"2023-09-13 00:00:00",24783,16038
"2023-09-14 00:00:00",24299,15891
"2023-09-15 00:00:00",27559,17859
"2023-09-16 00:00:00",33652,23851
"2023-09-17 00:00:00",33943,23854
"2023-09-18 00:00:00",25561,16576
"2023-09-19 00:00:00",24632,15899
"2023-09-20 00:00:00",24659,15999
"2023-09-21 00:00:00",24034,15793
"2023-09-22 00:00:00",26991,17697
"2023-09-23 00:00:00",33690,23487
"2023-09-24 00:00:00",32901,23422
"2023-09-25 00:00:00",25201,16328
"2023-09-26 00:00:00",24029,15418
"2023-09-27 00:00:00",23919,15663
"2023-09-28 00:00:00",23046,15288
"2023-09-29 00:00:00",25842,17287
"2023-09-30 00:00:00",32642,22814
"2023-10-01 00:00:00",32534,23216
"2023-10-02 00:00:00",24486,17024
"2023-10-03 00:00:00",24339,16065
"2023-10-04 00:00:00",24416,16386
"2023-10-05 00:00:00",24228,16498
"2023-10-06 00:00:00",28135,18412
"2023-10-07 00:00:00",33811,23219
"2023-10-08 00:00:00",34033,23387
"2023-10-09 00:00:00",28318,17980
"2023-10-10 00:00:00",24992,16105
"2023-10-11 00:00:00",24801,16013
"2023-10-12 00:00:00",24810,16088
"2023-10-13 00:00:00",28225,18179
"2023-10-14 00:00:00",33061,23141
"2023-10-15 00:00:00",32297,23069
"2023-10-16 00:00:00",25450,16317
"2023-10-17 00:00:00",23683,15209
"2023-10-18 00:00:00",23926,15387
"2023-10-19 00:00:00",23995,15425
"2023-10-20 00:00:00",27872,17565
"2023-10-21 00:00:00",35574,23682
"2023-10-22 00:00:00",32912,23909
"2023-10-23 00:00:00",25436,17119
"2023-10-24 00:00:00",25093,16270
"2023-10-25 00:00:00",24690,16292
"2023-10-26 00:00:00",24943,16333
"2023-10-27 00:00:00",27593,18258
"2023-10-28 00:00:00",32777,22677
"2023-10-29 00:00:00",33897,23392
"2023-10-30 00:00:00",26670,18832
"2023-10-31 00:00:00",25259,17789
"2023-11-01 00:00:00",27528,18461
"2023-11-02 00:00:00",27001,18500
"2023-11-03 00:00:00",27502,19213
"2023-11-04 00:00:00",32629,22976
"2023-11-05 00:00:00",33022,23074
"2023-11-06 00:00:00",24189,16977
"2023-11-07 00:00:00",23434,15265
"2023-11-08 00:00:00",22403,14912
"2023-11-09 00:00:00",22617,14722
"2023-11-10 00:00:00",27450,17677
"2023-11-11 00:00:00",32490,22542
"2023-11-12 00:00:00",31629,22835
"2023-11-13 00:00:00",23540,15906
"2023-11-14 00:00:00",22981,15455
"2023-11-15 00:00:00",23351,15528
"2023-11-16 00:00:00",22813,15284
"2023-11-17 00:00:00",25866,17206
"2023-11-18 00:00:00",32600,22928
"2023-11-19 00:00:00",31956,23059
"2023-11-20 00:00:00",26250,17212
"2023-11-21 00:00:00",25820,16919
"2023-11-22 00:00:00",29075,18639
"2023-11-23 00:00:00",28950,18862
"2023-11-24 00:00:00",32741,21198
"2023-11-25 00:00:00",36290,26226
"2023-11-26 00:00:00",35693,25994
"2023-11-27 00:00:00",27125,18308
"2023-11-28 00:00:00",27057,17578
"2023-11-29 00:00:00",26208,17461
"2023-11-30 00:00:00",25302,16973
"2023-12-01 00:00:00",27952,18789
"2023-12-02 00:00:00",34550,24499
"2023-12-03 00:00:00",33012,24089
"2023-12-04 00:00:00",24622,16650
"2023-12-05 00:00:00",23930,15995
"2023-12-06 00:00:00",24241,16406
"2023-12-07 00:00:00",23564,16089
"2023-12-08 00:00:00",26618,17775
"2023-12-09 00:00:00",31793,22615
"2023-12-10 00:00:00",31155,22392
"2023-12-11 00:00:00",24353,16651
"2023-12-12 00:00:00",23899,15893
"2023-12-13 00:00:00",23623,15895
"2023-12-14 00:00:00",23207,15506
"2023-12-15 00:00:00",25556,17153
"2023-12-16 00:00:00",30955,22027
"2023-12-17 00:00:00",30175,21788
"2023-12-18 00:00:00",24992,16751
"2023-12-19 00:00:00",24783,16647
"2023-12-20 00:00:00",25389,16909
"2023-12-21 00:00:00",25423,17296
"2023-12-22 00:00:00",29736,20018
"2023-12-23 00:00:00",32066,23033
"2023-12-24 00:00:00",26661,21184
"2023-12-25 00:00:00",27131,18683
"2023-12-26 00:00:00",30397,20944
"2023-12-27 00:00:00",32326,22595
"2023-12-28 00:00:00",32713,23336
"2023-12-29 00:00:00",34888,24831
"2023-12-30 00:00:00",34835,25736
"2023-12-31 00:00:00",30441,24844
"2024-01-01 00:00:00",35943,25303
"2024-01-02 00:00:00",35774,25335
"2024-01-03 00:00:00",34895,24557
"2024-01-04 00:00:00",34594,24321
"2024-01-05 00:00:00",34867,24646
"2024-01-06 00:00:00",38297,27312
"2024-01-07 00:00:00",38075,27114
"2024-01-08 00:00:00",30032,21164
"2024-01-09 00:00:00",28843,19247
"2024-01-10 00:00:00",27672,18708
"2024-01-11 00:00:00",26649,18220
"2024-01-12 00:00:00",31228,20371
"2024-01-13 00:00:00",37619,26448
"2024-01-14 00:00:00",36534,26416
"2024-01-15 00:00:00",32941,21424
"2024-01-16 00:00:00",30236,20051
"2024-01-17 00:00:00",29567,19949
"2024-01-18 00:00:00",28559,19333
"2024-01-19 00:00:00",31643,21143
"2024-01-20 00:00:00",37143,26295
"2024-01-21 00:00:00",35462,25890
"2024-01-22 00:00:00",28144,19212
"2024-01-23 00:00:00",27989,18526
"2024-01-24 00:00:00",27586,18551
"2024-01-25 00:00:00",27061,18245
"2024-01-26 00:00:00",29630,20158
"2024-01-27 00:00:00",35651,25136
"2024-01-28 00:00:00",34485,25093
"2024-01-29 00:00:00",27180,18686
"2024-01-30 00:00:00",26254,17795
"2024-01-31 00:00:00",26102,17681
"2024-02-01 00:00:00",26151,17589
"2024-02-02 00:00:00",28610,19382
"2024-02-03 00:00:00",34680,24748
"2024-02-04 00:00:00",34549,24901
"2024-02-05 00:00:00",26590,18471
"2024-02-06 00:00:00",26186,17798
"2024-02-07 00:00:00",26253,17833
"2024-02-08 00:00:00",26126,17823
"2024-02-09 00:00:00",29016,19739
"2024-02-10 00:00:00",34864,24685
"2024-02-11 00:00:00",34858,24852
"2024-02-12 00:00:00",27220,18963
"2024-02-13 00:00:00",27658,18613
"2024-02-14 00:00:00",25639,18119
"2024-02-15 00:00:00",26343,17903
"2024-02-16 00:00:00",29848,20449
"2024-02-17 00:00:00",35195,25034
"2024-02-18 00:00:00",35012,24992
"2024-02-19 00:00:00",30933,20738
"2024-02-20 00:00:00",26729,18613
"2024-02-21 00:00:00",27005,18485
"2024-02-22 00:00:00",28050,18955
"2024-02-23 00:00:00",29625,20891
"2024-02-24 00:00:00",37242,25160
"2024-02-25 00:00:00",34695,24922
"2024-02-26 00:00:00",26741,18064
"2024-02-27 00:00:00",26719,17479
"2024-02-28 00:00:00",26722,17541
"2024-02-29 00:00:00",26735,17570
"2024-03-01 00:00:00",29823,19657
"2024-03-02 00:00:00",36357,25569
"2024-03-03 00:00:00",35074,25403
"2024-03-04 00:00:00",27140,18143
"2024-03-05 00:00:00",26682,17461
"2024-03-06 00:00:00",26768,17508
"2024-03-07 00:00:00",28023,18590
"2024-03-08 00:00:00",31149,21317
"2024-03-09 00:00:00",36427,25807
"2024-03-10 00:00:00",36015,25624
"2024-03-11 00:00:00",28568,18299
"2024-03-12 00:00:00",28018,17744
"2024-03-13 00:00:00",28562,17963
"2024-03-14 00:00:00",29107,18751
"2024-03-15 00:00:00",32288,21587
"2024-03-16 00:00:00",37742,26490
"2024-03-17 00:00:00",37480,26555
"2024-03-18 00:00:00",29085,19080
"2024-03-19 00:00:00",28609,18407
"2024-03-20 00:00:00",28070,18449
"2024-03-21 00:00:00",28564,18382
"2024-03-22 00:00:00",31561,20682
"2024-03-23 00:00:00",38824,26961
"2024-03-24 00:00:00",39000,27119
"2024-03-25 00:00:00",31599,21215
"2024-03-26 00:00:00",30958,20443
"2024-03-27 00:00:00",30854,20847
"2024-03-28 00:00:00",31464,21345
"2024-03-29 00:00:00",35403,23869
"2024-03-30 00:00:00",36158,25723
"2024-03-31 00:00:00",34477,25138
"2024-04-01 00:00:00",32354,21548
"2024-04-02 00:00:00",28934,18941
"2024-04-03 00:00:00",28599,18650
"2024-04-04 00:00:00",28238,18805
"2024-04-05 00:00:00",30719,20139
"2024-04-06 00:00:00",35501,24327
"2024-04-07 00:00:00",34867,24178
"2024-04-08 00:00:00",28027,18557
"2024-04-09 00:00:00",26822,17420
"2024-04-10 00:00:00",26336,17415
"2024-04-11 00:00:00",26141,16999
"2024-04-12 00:00:00",28336,18627
"2024-04-13 00:00:00",34828,23861
"2024-04-14 00:00:00",34694,24051
"2024-04-15 00:00:00",27192,17426
"2024-04-16 00:00:00",26463,16580
"2024-04-17 00:00:00",26332,16782
"2024-04-18 00:00:00",26267,16817
"2024-04-19 00:00:00",28828,18488
"2024-04-20 00:00:00",34638,23727
"2024-04-21 00:00:00",34571,23918
"2024-04-22 00:00:00",26951,17416
"2024-04-23 00:00:00",26806,16972
"2024-04-24 00:00:00",26624,16947
"2024-04-25 00:00:00",26752,17159
"2024-04-26 00:00:00",28100,18581
"2024-04-27 00:00:00",34502,23296
"2024-04-28 00:00:00",35668,23740
"2024-04-29 00:00:00",28071,18793
"2024-04-30 00:00:00",29009,19358
"2024-05-01 00:00:00",29526,20819
"2024-05-02 00:00:00",27325,18146
"2024-05-03 00:00:00",29558,19478
"2024-05-04 00:00:00",35434,24277
"2024-05-05 00:00:00",35669,24325
"2024-05-06 00:00:00",27927,18116
"2024-05-07 00:00:00",27344,17351
"2024-05-08 00:00:00",29163,18745
"2024-05-09 00:00:00",29454,20017
"2024-05-10 00:00:00",30297,20578
"2024-05-11 00:00:00",35601,24148
"2024-05-12 00:00:00",34887,23896
"2024-05-13 00:00:00",28361,17624
"2024-05-14 00:00:00",27614,17163
"2024-05-15 00:00:00",27249,17449
"2024-05-16 00:00:00",27011,16887
"2024-05-17 00:00:00",29562,18582
"2024-05-18 00:00:00",34240,23615
"2024-05-19 00:00:00",34829,24196
"2024-05-20 00:00:00",29643,19205
"2024-05-21 00:00:00",28171,17662
"2024-05-22 00:00:00",28337,18049
"2024-05-23 00:00:00",27511,17534
"2024-05-24 00:00:00",29558,19026
"2024-05-25 00:00:00",33172,22671
"2024-05-26 00:00:00",33512,22989
"2024-05-27 00:00:00",31843,20257
"2024-05-28 00:00:00",29191,19259
"2024-05-29 00:00:00",29287,19467
"2024-05-30 00:00:00",29667,19669
"2024-05-31 00:00:00",30729,20728
"2024-06-01 00:00:00",32572,22975
"2024-06-02 00:00:00",33660,23058
"2024-06-03 00:00:00",29586,19370
"2024-06-04 00:00:00",29200,19091
"2024-06-05 00:00:00",28803,19247
"2024-06-06 00:00:00",29120,19448
"2024-06-07 00:00:00",30029,20323
"2024-06-08 00:00:00",32096,22860
"2024-06-09 00:00:00",33607,23491
"2024-06-10 00:00:00",30655,20352
"2024-06-11 00:00:00",30479,19745
"2024-06-12 00:00:00",30227,19888
"2024-06-13 00:00:00",29959,19643
"2024-06-14 00:00:00",30617,20359
"2024-06-15 00:00:00",31355,22419
"2024-06-16 00:00:00",32330,22574
"2024-06-17 00:00:00",30818,20310
"2024-06-18 00:00:00",30417,20151
"2024-06-19 00:00:00",30261,20320
"2024-06-20 00:00:00",30067,20406
"2024-06-21 00:00:00",30055,20646
"2024-06-22 00:00:00",31349,22454
"2024-06-23 00:00:00",32614,22848
"2024-06-24 00:00:00",30954,20822
"2024-06-25 00:00:00",30571,20362
"2024-06-26 00:00:00",29962,20427
"2024-06-27 00:00:00",30287,20494
"2024-06-28 00:00:00",31178,21485
"2024-06-29 00:00:00",31441,22748
"2024-06-30 00:00:00",33272,23653
"2024-07-01 00:00:00",32856,22470
"2024-07-02 00:00:00",32597,22807
"2024-07-03 00:00:00",32896,22783
"2024-07-04 00:00:00",32148,22452
"2024-07-05 00:00:00",31936,22278
"2024-07-06 00:00:00",33117,23948
"2024-07-07 00:00:00",35592,24582
"2024-07-08 00:00:00",33446,23363
"2024-07-09 00:00:00",32951,23003
"2024-07-10 00:00:00",32460,22758
"2024-07-11 00:00:00",32630,22844
"2024-07-12 00:00:00",31839,22870
"2024-07-13 00:00:00",31671,23264
"2024-07-14 00:00:00",32811,23684
"2024-07-15 00:00:00",33172,22755
"2024-07-16 00:00:00",32983,23206
"2024-07-17 00:00:00",33119,23200
"2024-07-18 00:00:00",32505,23228
"2024-07-19 00:00:00",32313,23432
"2024-07-20 00:00:00",32775,23976
"2024-07-21 00:00:00",35654,25303
"2024-07-22 00:00:00",34500,24848
"2024-07-23 00:00:00",34041,24227
"2024-07-24 00:00:00",33849,24011
"2024-07-25 00:00:00",32676,23621
"2024-07-26 00:00:00",32334,23376
"2024-07-27 00:00:00",33092,24050
"2024-07-28 00:00:00",34870,24818
"2024-07-29 00:00:00",33630,24105
"2024-07-30 00:00:00",33174,23723
"2024-07-31 00:00:00",33663,23786
"2024-08-01 00:00:00",33209,23860
"2024-08-02 00:00:00",33610,24031
"2024-08-03 00:00:00",33955,24645
"2024-08-04 00:00:00",35846,25571
"2024-08-05 00:00:00",34629,24479
"2024-08-06 00:00:00",33705,23873
"2024-08-07 00:00:00",33397,23602
"2024-08-08 00:00:00",32758,23492
"2024-08-09 00:00:00",32782,23605
"2024-08-10 00:00:00",33006,24210
"2024-08-11 00:00:00",34853,24887
"2024-08-12 00:00:00",32116,23251
"2024-08-13 00:00:00",32200,22761
"2024-08-14 00:00:00",31382,22559
"2024-08-15 00:00:00",30908,22393
"2024-08-16 00:00:00",30298,22178
"2024-08-17 00:00:00",33463,23996
"2024-08-18 00:00:00",35139,24709
"2024-08-19 00:00:00",30986,22420
"2024-08-20 00:00:00",30387,21723
"2024-08-21 00:00:00",30252,21723
"2024-08-22 00:00:00",30213,21703
"2024-08-23 00:00:00",29641,20116
"2024-08-24 00:00:00",32068,23498
"2024-08-25 00:00:00",35085,24627
"2024-08-26 00:00:00",30282,21908
"2024-08-27 00:00:00",29321,21057
"2024-08-28 00:00:00",29340,21022
"2024-08-29 00:00:00",29355,21174
"2024-08-30 00:00:00",30133,21986
"2024-08-31 00:00:00",32928,23634
"2024-09-01 00:00:00",32661,23159
"2024-09-02 00:00:00",29713,20024
"2024-09-03 00:00:00",25481,16780
"2024-09-04 00:00:00",25005,16183
"2024-09-05 00:00:00",24684,16120
"2024-09-06 00:00:00",26890,18051
"2024-09-07 00:00:00",32417,23065
"2024-09-08 00:00:00",32381,23082
"2024-09-09 00:00:00",24717,16048
"2024-09-10 00:00:00",24225,15362
"2024-09-11 00:00:00",24626,15508
"2024-09-12 00:00:00",23929,15243
"2024-09-13 00:00:00",26416,17154
"2024-09-14 00:00:00",32623,22292
"2024-09-15 00:00:00",32654,22969
"2024-09-16 00:00:00",26000,17358
"2024-09-17 00:00:00",24561,16495
"2024-09-18 00:00:00",24157,15764
"2024-09-19 00:00:00",24485,15743
"2024-09-20 00:00:00",27393,17754
"2024-09-21 00:00:00",32739,22930
"2024-09-22 00:00:00",32736,23024
"2024-09-23 00:00:00",24931,16231
"2024-09-24 00:00:00",24823,15620
"2024-09-25 00:00:00",24474,15585
"2024-09-26 00:00:00",24815,15794
"2024-09-27 00:00:00",27359,17480
"2024-09-28 00:00:00",31786,22252
"2024-09-29 00:00:00",31727,22012
"2024-09-30 00:00:00",25464,16379
"2024-10-01 00:00:00",24673,16336
"2024-10-02 00:00:00",24493,16432
"2024-10-03 00:00:00",24943,16517
"2024-10-04 00:00:00",27193,18387
"2024-10-05 00:00:00",31854,22500
"2024-10-06 00:00:00",32102,22486
"2024-10-07 00:00:00",24677,16354
"2024-10-08 00:00:00",23511,15058
"2024-10-09 00:00:00",23375,15304
"2024-10-10 00:00:00",23616,15116
"2024-10-11 00:00:00",26984,16974
"2024-10-12 00:00:00",31293,21436
"2024-10-13 00:00:00",31598,21946
"2024-10-14 00:00:00",25574,16421
"2024-10-15 00:00:00",23605,15096
"2024-10-16 00:00:00",23634,15092
"2024-10-17 00:00:00",23423,15037
"2024-10-18 00:00:00",27151,17297
"2024-10-19 00:00:00",31979,22303
"2024-10-20 00:00:00",31520,22381
"2024-10-21 00:00:00",24699,16310
"2024-10-22 00:00:00",24379,15711
"2024-10-23 00:00:00",24269,15897
"2024-10-24 00:00:00",24670,15968
"2024-10-25 00:00:00",27202,17940
"2024-10-26 00:00:00",32077,22065
"2024-10-27 00:00:00",32305,22598
"2024-10-28 00:00:00",25690,17921
"2024-10-29 00:00:00",25184,17132
"2024-10-30 00:00:00",25368,17432
"2024-10-31 00:00:00",24162,17233
"2024-11-01 00:00:00",27508,18814
"2024-11-02 00:00:00",32234,22518
"2024-11-03 00:00:00",32173,22394
"2024-11-04 00:00:00",24463,16853
"2024-11-05 00:00:00",23884,15455
"2024-11-06 00:00:00",22293,14742
"2024-11-07 00:00:00",22447,14883
"2024-11-08 00:00:00",26507,17352
"2024-11-09 00:00:00",33084,23465
"2024-11-10 00:00:00",32908,23882
"2024-11-11 00:00:00",27336,18347
"2024-11-12 00:00:00",24409,16027
"2024-11-13 00:00:00",24208,15979
"2024-11-14 00:00:00",23761,15851
"2024-11-15 00:00:00",28002,18269
"2024-11-16 00:00:00",34121,23858
"2024-11-17 00:00:00",34747,24855
"2024-11-18 00:00:00",26385,17894
"2024-11-19 00:00:00",25871,17270
"2024-11-20 00:00:00",26263,17492
"2024-11-21 00:00:00",25659,17208
"2024-11-22 00:00:00",29314,19412
"2024-11-23 00:00:00",35873,25251
"2024-11-24 00:00:00",34248,24851
"2024-11-25 00:00:00",26912,17997
"2024-11-26 00:00:00",26747,17410
"2024-11-27 00:00:00",27499,17812
"2024-11-28 00:00:00",26605,17463
"2024-11-29 00:00:00",30665,19686
"2024-11-30 00:00:00",33706,24434
"2024-12-01 00:00:00",32058,23917
"2024-12-02 00:00:00",25638,16976
"2024-12-03 00:00:00",25309,16411
"2024-12-04 00:00:00",24792,16488
"2024-12-05 00:00:00",25076,16403
"2024-12-06 00:00:00",27523,18037
"2024-12-07 00:00:00",33128,23713
"2024-12-08 00:00:00",32484,23563
"2024-12-09 00:00:00",25122,16688
"2024-12-10 00:00:00",24172,16082
"2024-12-11 00:00:00",23866,15803
"2024-12-12 00:00:00",24096,15709
"2024-12-13 00:00:00",26302,17254
"2024-12-14 00:00:00",31665,22478
"2024-12-15 00:00:00",30570,22139
"2024-12-16 00:00:00",24368,16247
"2024-12-17 00:00:00",23815,15790
"2024-12-18 00:00:00",23666,15858
"2024-12-19 00:00:00",24191,15997
"2024-12-20 00:00:00",28306,18757
"2024-12-21 00:00:00",20463,23622
"2024-12-21 01:00:00",18911,23686
"2024-12-21 02:00:00",18221,23744
"2024-12-21 03:00:00",17860,23784
"2024-12-21 04:00:00",17087,23806
"2024-12-21 05:00:00",16430,23826
"2024-12-21 06:00:00",15819,23844
"2024-12-21 07:00:00",15775,23871
"2024-12-21 08:00:00",16863,23895
"2024-12-21 09:00:00",18430,23918
"2024-12-21 10:00:00",20071,23930
"2024-12-21 11:00:00",22084,23954
"2024-12-21 12:00:00",24151,23981
"2024-12-21 13:00:00",26042,23990
"2024-12-21 14:00:00",27753,23985
"2024-12-21 15:00:00",29118,23964
"2024-12-21 16:00:00",30446,23947
"2024-12-21 17:00:00",31616,23935
"2024-12-21 18:00:00",32292,23930
"2024-12-21 19:00:00",32347,23910
"2024-12-21 20:00:00",32096,23888
"2024-12-21 21:00:00",30542,23834
"2024-12-21 22:00:00",27791,23761
"2024-12-21 23:00:00",24717,23691
"2024-12-22 00:00:00",22135,23653
"2024-12-22 01:00:00",20467,23627
"2024-12-22 02:00:00",19386,23605
"2024-12-22 03:00:00",18592,23580
"2024-12-22 04:00:00",17809,23537
"2024-12-22 05:00:00",17121,23478
"2024-12-22 06:00:00",16725,23390
"2024-12-22 07:00:00",16603,23264
"2024-12-22 08:00:00",17613,23097
"2024-12-22 09:00:00",18858,22889
"2024-12-22 10:00:00",20733,22677
"2024-12-22 11:00:00",22758,22461
"2024-12-22 12:00:00",24307,22251
"2024-12-22 13:00:00",25819,22075
"2024-12-22 14:00:00",27101,21919
"2024-12-22 15:00:00",28489,21795
"2024-12-22 16:00:00",29931,21684
"2024-12-22 17:00:00",31212,21603
"2024-12-22 18:00:00",31549,21525
"2024-12-22 19:00:00",31523,21453
"2024-12-22 20:00:00",30565,21376
"2024-12-22 21:00:00",28592,21316
"2024-12-22 22:00:00",26040,21280
"2024-12-22 23:00:00",23702,21262
"2024-12-23 00:00:00",21440,21253
"2024-12-23 01:00:00",19885,21254
"2024-12-23 02:00:00",18716,21246
"2024-12-23 03:00:00",17476,21238
"2024-12-23 04:00:00",16287,21240
"2024-12-23 05:00:00",14887,21241
"2024-12-23 06:00:00",13488,21247
"2024-12-23 07:00:00",12364,21254
"2024-12-23 08:00:00",12334,21261
"2024-12-23 09:00:00",13434,21256
"2024-12-23 10:00:00",15216,21253
"2024-12-23 11:00:00",17372,21250
"2024-12-23 12:00:00",19802,21255
"2024-12-23 13:00:00",21849,21253
"2024-12-23 14:00:00",23897,21257
"2024-12-23 15:00:00",25635,21222
"2024-12-23 16:00:00",27806,21173
"2024-12-23 17:00:00",29184,21073
"2024-12-23 18:00:00",29658,20938
"2024-12-23 19:00:00",29558,20793
"2024-12-23 20:00:00",29088,20646
"2024-12-23 21:00:00",27674,20469
"2024-12-23 22:00:00",25557,20282
"2024-12-23 23:00:00",23446,20110
"2024-12-24 00:00:00",21407,19946
"2024-12-24 01:00:00",19641,19790
"2024-12-24 02:00:00",18513,19643
"2024-12-24 03:00:00",17559,19501
"2024-12-24 04:00:00",16388,19358
"2024-12-24 05:00:00",15218,19251
"2024-12-24 06:00:00",13955,19186
"2024-12-24 07:00:00",12923,19142
"2024-12-24 08:00:00",12605,19114
"2024-12-24 09:00:00",13783,19111
"2024-12-24 10:00:00",15559,19099
"2024-12-24 11:00:00",17880,19091
"2024-12-24 12:00:00",20081,19061
"2024-12-24 13:00:00",22219,19014
"2024-12-24 14:00:00",23235,18953
"2024-12-24 15:00:00",24556,18913
"2024-12-24 16:00:00",25353,18871
"2024-12-24 17:00:00",25796,18856
"2024-12-24 18:00:00",26008,18880
"2024-12-24 19:00:00",25810,18919
"2024-12-24 20:00:00",24448,18954
"2024-12-24 21:00:00",22732,19006
"2024-12-24 22:00:00",20975,19081
"2024-12-24 23:00:00",19063,19154
"2024-12-25 00:00:00",17206,19235
"2024-12-25 01:00:00",15703,19314
"2024-12-25 02:00:00",14646,19401
"2024-12-25 03:00:00",13646,19499
"2024-12-25 04:00:00",13401,19612
"2024-12-25 05:00:00",13330,19695
"2024-12-25 06:00:00",12626,19761
"2024-12-25 07:00:00",12048,19805
"2024-12-25 08:00:00",12393,19854
"2024-12-25 09:00:00",13334,19886
"2024-12-25 10:00:00",15185,19924
"2024-12-25 11:00:00",16940,19959
"2024-12-25 12:00:00",18679,19993
"2024-12-25 13:00:00",20544,20039
"2024-12-25 14:00:00",22188,20092
"2024-12-25 15:00:00",23668,20157
"2024-12-25 16:00:00",25307,20226
"2024-12-25 17:00:00",26902,20307
"2024-12-25 18:00:00",27532,20398
"2024-12-25 19:00:00",27372,20497
"2024-12-25 20:00:00",26543,20606
"2024-12-25 21:00:00",25421,20735
"2024-12-25 22:00:00",23618,20857
"2024-12-25 23:00:00",21909,20960
"2024-12-26 00:00:00",19968,21050
"2024-12-26 01:00:00",18734,21152
"2024-12-26 02:00:00",17974,21248
"2024-12-26 03:00:00",17289,21335
"2024-12-26 04:00:00",16059,21395
"2024-12-26 05:00:00",15423,21464
"2024-12-26 06:00:00",14021,21514
"2024-12-26 07:00:00",13500,21581
"2024-12-26 08:00:00",13418,21630
"2024-12-26 09:00:00",14511,21701
"2024-12-26 10:00:00",16372,21774
"2024-12-26 11:00:00",18220,21855
"2024-12-26 12:00:00",20316,21939
"2024-12-26 13:00:00",22305,22022
"2024-12-26 14:00:00",24239,22101
"2024-12-26 15:00:00",25720,22182
"2024-12-26 16:00:00",27494,22259
"2024-12-26 17:00:00",29290,22336
"2024-12-26 18:00:00",30139,22405
"2024-12-26 19:00:00",30158,22473
"2024-12-26 20:00:00",29792,22560
"2024-12-26 21:00:00",28504,22648
"2024-12-26 22:00:00",26109,22739
"2024-12-26 23:00:00",24033,22831
"2024-12-27 00:00:00",22369,22911
"2024-12-27 01:00:00",20907,22965
"2024-12-27 02:00:00",19849,23017
"2024-12-27 03:00:00",18548,23061
"2024-12-27 04:00:00",17680,23132
"2024-12-27 05:00:00",16663,23197
"2024-12-27 06:00:00",15748,23276
"2024-12-27 07:00:00",14776,23356
"2024-12-27 08:00:00",15326,23454
"2024-12-27 09:00:00",16461,23555
"2024-12-27 10:00:00",18546,23656
"2024-12-27 11:00:00",20399,23747
"2024-12-27 12:00:00",22441,23830
"2024-12-27 13:00:00",24257,23909
"2024-12-27 14:00:00",26219,23995
"2024-12-27 15:00:00",27573,24065
"2024-12-27 16:00:00",29306,24147
"2024-12-27 17:00:00",30796,24206
"2024-12-27 18:00:00",31590,24265
"2024-12-27 19:00:00",32054,24331
"2024-12-27 20:00:00",31725,24397
"2024-12-27 21:00:00",30690,24469
"2024-12-27 22:00:00",28408,24535
"2024-12-27 23:00:00",25925,24591
"2024-12-28 00:00:00",23513,24646
"2024-12-28 01:00:00",22075,24691
"2024-12-28 02:00:00",20909,24731
"2024-12-28 03:00:00",20343,24778
"2024-12-28 04:00:00",19389,24817
"2024-12-28 05:00:00",18685,24864
"2024-12-28 06:00:00",17916,24894
"2024-12-28 07:00:00",17322,24926
"2024-12-28 08:00:00",17931,24956
"2024-12-28 09:00:00",19041,24981
"2024-12-28 10:00:00",20790,25004
"2024-12-28 11:00:00",22450,25023
"2024-12-28 12:00:00",24394,25043
"2024-12-28 13:00:00",26410,25070
"2024-12-28 14:00:00",27923,25086
"2024-12-28 15:00:00",29672,25110
"2024-12-28 16:00:00",30774,25132
"2024-12-28 17:00:00",32276,25167
"2024-12-28 18:00:00",33187,25211
"2024-12-28 19:00:00",33603,25263
"2024-12-28 20:00:00",33405,25307
"2024-12-28 21:00:00",32138,25352
"2024-12-28 22:00:00",29647,25395
"2024-12-28 23:00:00",27374,25432
"2024-12-29 00:00:00",24630,25450
"2024-12-29 01:00:00",23095,25478
"2024-12-29 02:00:00",21916,25493
"2024-12-29 03:00:00",21100,25497
"2024-12-29 04:00:00",20300,25489
"2024-12-29 05:00:00",19034,25458
"2024-12-29 06:00:00",18188,25429
"2024-12-29 07:00:00",17502,25393
"2024-12-29 08:00:00",17947,25355
"2024-12-29 09:00:00",19095,25316
"2024-12-29 10:00:00",20790,25279
"2024-12-29 11:00:00",22466,25237
"2024-12-29 12:00:00",24582,25207
"2024-12-29 13:00:00",26394,25172
"2024-12-29 14:00:00",28043,25137
"2024-12-29 15:00:00",29919,25101
"2024-12-29 16:00:00",31419,25069
"2024-12-29 17:00:00",33171,25060
"2024-12-29 18:00:00",34369,25043
"2024-12-29 19:00:00",34459,25018
"2024-12-29 20:00:00",34370,25001
"2024-12-29 21:00:00",33116,24987
"2024-12-29 22:00:00",30385,24988
"2024-12-29 23:00:00",27564,24988
"2024-12-30 00:00:00",25216,24996
"2024-12-30 01:00:00",23235,24986
"2024-12-30 02:00:00",21771,24983
"2024-12-30 03:00:00",20540,24979
"2024-12-30 04:00:00",19157,24964
"2024-12-30 05:00:00",17988,24958
"2024-12-30 06:00:00",16926,24951
"2024-12-30 07:00:00",16237,24945
"2024-12-30 08:00:00",16637,24934
"2024-12-30 09:00:00",17898,24931
"2024-12-30 10:00:00",19360,24927
"2024-12-30 11:00:00",21397,24931
"2024-12-30 12:00:00",23414,24934
"2024-12-30 13:00:00",25156,24937
"2024-12-30 14:00:00",26743,24939
"2024-12-30 15:00:00",28548,24939
"2024-12-30 16:00:00",30745,24928
"2024-12-30 17:00:00",32088,24860
"2024-12-30 18:00:00",33144,24752
"2024-12-30 19:00:00",33466,24611
"2024-12-30 20:00:00",33465,24468
"2024-12-30 21:00:00",32805,24334
"2024-12-30 22:00:00",30276,24209
"2024-12-30 23:00:00",27525,24131
"2024-12-31 00:00:00",24782,24082
"2024-12-31 01:00:00",23140,24066
"2024-12-31 02:00:00",21857,24045
"2024-12-31 03:00:00",20487,24018
"2024-12-31 04:00:00",19369,24002
"2024-12-31 05:00:00",18259,23993
"2024-12-31 06:00:00",17240,24000
"2024-12-31 07:00:00",16423,24028
"2024-12-31 08:00:00",17040,24070
"2024-12-31 09:00:00",18362,24092
"2024-12-31 10:00:00",19953,24094
"2024-12-31 11:00:00",22038,24081
"2024-12-31 12:00:00",24075,24063
"2024-12-31 13:00:00",25832,24038
"2024-12-31 14:00:00",27349,24012
"2024-12-31 15:00:00",28508,23981
"2024-12-31 16:00:00",28820,23935
"2024-12-31 17:00:00",28876,23917
"2024-12-31 18:00:00",28610,23931
"2024-12-31 19:00:00",28798,23993
"2024-12-31 20:00:00",28820,24065
"2024-12-31 21:00:00",28339,24136
"2024-12-31 22:00:00",27476,24222
"2024-12-31 23:00:00",25925,24280
"2025-01-01 00:00:00",24220,24325
"2025-01-01 01:00:00",22297,24341
"2025-01-01 02:00:00",20846,24361
"2025-01-01 03:00:00",19752,24390
"2025-01-01 04:00:00",18859,24416
"2025-01-01 05:00:00",18280,24428
"2025-01-01 06:00:00",18106,24428
"2025-01-01 07:00:00",17694,24406
"2025-01-01 08:00:00",17562,24354
"2025-01-01 09:00:00",18052,24303
"2025-01-01 10:00:00",19095,24269
"2025-01-01 11:00:00",20977,24254
"2025-01-01 12:00:00",22722,24233
"2025-01-01 13:00:00",24480,24229
"2025-01-01 14:00:00",26145,24235
"2025-01-01 15:00:00",27791,24253
"2025-01-01 16:00:00",29823,24308
"2025-01-01 17:00:00",31832,24394
"2025-01-01 18:00:00",33467,24502
"2025-01-01 19:00:00",34047,24598
"2025-01-01 20:00:00",34004,24690
"2025-01-01 21:00:00",33163,24774
"2025-01-01 22:00:00",30591,24829
"2025-01-01 23:00:00",27972,24870
"2025-01-02 00:00:00",25383,24889
"2025-01-02 01:00:00",23696,24896
"2025-01-02 02:00:00",22403,24903
"2025-01-02 03:00:00",21119,24909
"2025-01-02 04:00:00",19382,24898
"2025-01-02 05:00:00",17836,24874
"2025-01-02 06:00:00",16547,24838
"2025-01-02 07:00:00",15441,24795
"2025-01-02 08:00:00",15853,24776
"2025-01-02 09:00:00",17323,24770
"2025-01-02 10:00:00",19200,24778
"2025-01-02 11:00:00",21062,24795
"2025-01-02 12:00:00",23457,24831
"2025-01-02 13:00:00",25516,24869
"2025-01-02 14:00:00",27366,24910
"2025-01-02 15:00:00",29378,24956
"2025-01-02 16:00:00",31382,24996
"2025-01-02 17:00:00",33041,25019
"2025-01-02 18:00:00",33963,25028
"2025-01-02 19:00:00",34421,25043
"2025-01-02 20:00:00",34233,25052
"2025-01-02 21:00:00",33336,25065
"2025-01-02 22:00:00",30890,25075
"2025-01-02 23:00:00",28016,25094
"2025-01-03 00:00:00",24748,25104
"2025-01-03 01:00:00",22924,25127
"2025-01-03 02:00:00",21733,25147
"2025-01-03 03:00:00",20345,25154
"2025-01-03 04:00:00",18703,25174
"2025-01-03 05:00:00",17444,25204
"2025-01-03 06:00:00",16376,25249
"2025-01-03 07:00:00",15852,25299
"2025-01-03 08:00:00",16136,25338
"2025-01-03 09:00:00",17573,25376
"2025-01-03 10:00:00",19858,25422
"2025-01-03 11:00:00",22015,25469
"2025-01-03 12:00:00",24288,25508
"2025-01-03 13:00:00",26345,25545
"2025-01-03 14:00:00",28148,25583
"2025-01-03 15:00:00",29914,25620
"2025-01-03 16:00:00",31484,25646
"2025-01-03 17:00:00",33070,25677
"2025-01-03 18:00:00",34303,25716
"2025-01-03 19:00:00",34635,25742
"2025-01-03 20:00:00",34635,25776
"2025-01-03 21:00:00",33557,25807
"2025-01-03 22:00:00",31679,25855
"2025-01-03 23:00:00",28921,25893
"2025-01-04 00:00:00",26290,25943
"2025-01-04 01:00:00",24325,25983
"2025-01-04 02:00:00",22635,26010
"2025-01-04 03:00:00",21725,26057
"2025-01-04 04:00:00",20342,26099
"2025-01-04 05:00:00",19528,26157
"2025-01-04 06:00:00",18240,26206
"2025-01-04 07:00:00",17355,26250
"2025-01-04 08:00:00",17626,26294
"2025-01-04 09:00:00",19062,26330
"2025-01-04 10:00:00",21178,26360
"2025-01-04 11:00:00",23108,26379
"2025-01-04 12:00:00",25275,26401
"2025-01-04 13:00:00",27428,26428
"2025-01-04 14:00:00",29377,26459
"2025-01-04 15:00:00",31015,26489
"2025-01-04 16:00:00",32903,26535
"2025-01-04 17:00:00",34571,26580
"2025-01-04 18:00:00",35329,26608
"2025-01-04 19:00:00",35857,26634
"2025-01-04 20:00:00",35922,26657
"2025-01-04 21:00:00",35090,26682
"2025-01-04 22:00:00",32669,26676
"2025-01-04 23:00:00",29917,26646
"2025-01-05 00:00:00",26947,26596
"2025-01-05 01:00:00",24804,26545
"2025-01-05 02:00:00",23633,26513
"2025-01-05 03:00:00",22276,26467
"2025-01-05 04:00:00",21155,26425
"2025-01-05 05:00:00",20202,26365
"2025-01-05 06:00:00",18964,26295
"2025-01-05 07:00:00",18042,26220
"2025-01-05 08:00:00",18015,26153
"2025-01-05 09:00:00",19270,26098
"2025-01-05 10:00:00",21117,26043
"2025-01-05 11:00:00",23270,25988
"2025-01-05 12:00:00",25559,25932
"2025-01-05 13:00:00",27794,25864
"2025-01-05 14:00:00",29790,25792
"2025-01-05 15:00:00",31847,25721
"2025-01-05 16:00:00",33624,25642
"2025-01-05 17:00:00",34969,25565
"2025-01-05 18:00:00",35435,25501
"2025-01-05 19:00:00",35752,25436
"2025-01-05 20:00:00",35629,25362
"2025-01-05 21:00:00",33853,25260
"2025-01-05 22:00:00",30305,25122
"2025-01-05 23:00:00",26934,24977
"2025-01-06 00:00:00",24036,24843
"2025-01-06 01:00:00",22252,24738
"2025-01-06 02:00:00",20889,24647
"2025-01-06 03:00:00",19395,24558
"2025-01-06 04:00:00",17529,24446
"2025-01-06 05:00:00",16068,24325
"2025-01-06 06:00:00",14554,24198
"2025-01-06 07:00:00",14290,24093
"2025-01-06 08:00:00",15039,24010
"2025-01-06 09:00:00",16527,23936
"2025-01-06 10:00:00",18172,23857
"2025-01-06 11:00:00",20100,23771
"2025-01-06 12:00:00",21713,23667
"2025-01-06 13:00:00",23617,23553
"2025-01-06 14:00:00",25260,23421
"2025-01-06 15:00:00",26959,23287
"2025-01-06 16:00:00",29189,23167
"2025-01-06 17:00:00",31427,23064
"2025-01-06 18:00:00",32077,22960
"2025-01-06 19:00:00",32173,22855
"2025-01-06 20:00:00",31594,22734
"2025-01-06 21:00:00",29259,22598
"2025-01-06 22:00:00",26005,22468
"2025-01-06 23:00:00",23155,22352
"2025-01-07 00:00:00",21299,22263
"2025-01-07 01:00:00",20474,22182
"2025-01-07 02:00:00",19305,22112
"2025-01-07 03:00:00",17567,22050
"2025-01-07 04:00:00",15790,21998
"2025-01-07 05:00:00",14361,21952
"2025-01-07 06:00:00",13255,21917
"2025-01-07 07:00:00",13262,21889
"2025-01-07 08:00:00",14158,21871
"2025-01-07 09:00:00",15681,21858
"2025-01-07 10:00:00",17193,21833
"2025-01-07 11:00:00",19023,21806
"2025-01-07 12:00:00",20557,21776
"2025-01-07 13:00:00",21941,21740
"2025-01-07 14:00:00",23882,21714
"2025-01-07 15:00:00",25806,21689
"2025-01-07 16:00:00",27910,21655
"2025-01-07 17:00:00",29846,21609
"2025-01-07 18:00:00",30719,21554
"2025-01-07 19:00:00",30585,21480
"2025-01-07 20:00:00",29838,21394
"2025-01-07 21:00:00",27535,21301
"2025-01-07 22:00:00",24358,21207
"2025-01-07 23:00:00",21707,21128
"2025-01-08 00:00:00",19020,21039
"2025-01-08 01:00:00",18575,20983
"2025-01-08 02:00:00",18180,20947
"2025-01-08 03:00:00",16850,20918
"2025-01-08 04:00:00",15368,20901
"2025-01-08 05:00:00",14033,20886
"2025-01-08 06:00:00",12986,20876
"2025-01-08 07:00:00",13324,20872
"2025-01-08 08:00:00",14499,20863
"2025-01-08 09:00:00",15475,20828
"2025-01-08 10:00:00",17073,20793
"2025-01-08 11:00:00",18829,20753
"2025-01-08 12:00:00",20691,20722
"2025-01-08 13:00:00",22295,20699
"2025-01-08 14:00:00",24003,20676
"2025-01-08 15:00:00",25565,20642
"2025-01-08 16:00:00",27456,20607
"2025-01-08 17:00:00",28523,20552
"2025-01-08 18:00:00",28593,20485
"2025-01-08 19:00:00",28059,20410
"2025-01-08 20:00:00",26797,20328
"2025-01-08 21:00:00",24331,20244
"2025-01-08 22:00:00",21741,20181
"2025-01-08 23:00:00",19668,20134
"2025-01-09 00:00:00",18410,20121
"2025-01-09 01:00:00",18048,20111
"2025-01-09 02:00:00",17432,20095
"2025-01-09 03:00:00",16392,20095
"2025-01-09 04:00:00",14896,20092
"2025-01-09 05:00:00",13761,20093
"2025-01-09 06:00:00",12622,20094
"2025-01-09 07:00:00",12153,20076
"2025-01-09 08:00:00",12613,20039
"2025-01-09 09:00:00",13446,19998
"2025-01-09 10:00:00",14790,19950
"2025-01-09 11:00:00",16605,19906
"2025-01-09 12:00:00",18636,19868
"2025-01-09 13:00:00",20541,19840
"2025-01-09 14:00:00",22142,19816
"2025-01-09 15:00:00",23955,19805
"2025-01-09 16:00:00",26023,19798
"2025-01-09 17:00:00",27588,19809
"2025-01-09 18:00:00",27896,19829
"2025-01-09 19:00:00",27706,19865
"2025-01-09 20:00:00",26644,19912
"2025-01-09 21:00:00",24581,19983
"2025-01-09 22:00:00",22003,20063
"2025-01-09 23:00:00",19775,20148
"2025-01-10 00:00:00",18616,20231
"2025-01-10 01:00:00",18197,20298
"2025-01-10 02:00:00",18104,20364
"2025-01-10 03:00:00",16947,20419
"2025-01-10 04:00:00",15393,20476
"2025-01-10 05:00:00",14352,20543
"2025-01-10 06:00:00",13432,20616
"2025-01-10 07:00:00",13001,20693
"2025-01-10 08:00:00",13449,20769
"2025-01-10 09:00:00",14295,20851
"2025-01-10 10:00:00",15773,20946
"2025-01-10 11:00:00",17774,21051
"2025-01-10 12:00:00",19958,21167
"2025-01-10 13:00:00",22352,21295
"2025-01-10 14:00:00",24344,21430
"2025-01-10 15:00:00",26192,21568
"2025-01-10 16:00:00",28587,21716
"2025-01-10 17:00:00",30358,21861
"2025-01-10 18:00:00",31117,22012
"2025-01-10 19:00:00",31424,22181
"2025-01-10 20:00:00",31194,22372
"2025-01-10 21:00:00",29853,22588
"2025-01-10 22:00:00",27934,22824
"2025-01-10 23:00:00",25457,23043
"2025-01-11 00:00:00",23254,23226
"2025-01-11 01:00:00",21810,23373
"2025-01-11 02:00:00",21195,23495
"2025-01-11 03:00:00",20329,23613
"2025-01-11 04:00:00",19252,23741
"2025-01-11 05:00:00",18316,23870
"2025-01-11 06:00:00",17591,24007
"2025-01-11 07:00:00",17172,24140
"2025-01-11 08:00:00",18058,24283
"2025-01-11 09:00:00",19566,24445
"2025-01-11 10:00:00",21513,24623
"2025-01-11 11:00:00",23979,24815
"2025-01-11 12:00:00",26057,25001
"2025-01-11 13:00:00",28277,25183
"2025-01-11 14:00:00",30347,25364
"2025-01-11 15:00:00",32362,25548
"2025-01-11 16:00:00",34055,25710
"2025-01-11 17:00:00",35382,25855
"2025-01-11 18:00:00",36385,26003
"2025-01-11 19:00:00",36618,26137
"2025-01-11 20:00:00",36634,26275
"2025-01-11 21:00:00",35442,26398
"2025-01-11 22:00:00",32799,26476
"2025-01-11 23:00:00",29751,26525
"2025-01-12 00:00:00",27094,26567
"2025-01-12 01:00:00",24905,26595
"2025-01-12 02:00:00",23263,26605
"2025-01-12 03:00:00",22066,26614
"2025-01-12 04:00:00",20866,26615
"2025-01-12 05:00:00",19990,26610
"2025-01-12 06:00:00",19004,26587
"2025-01-12 07:00:00",18282,26552
"2025-01-12 08:00:00",19010,26512
"2025-01-12 09:00:00",20748,26469
"2025-01-12 10:00:00",22633,26415
"2025-01-12 11:00:00",24840,26345
"2025-01-12 12:00:00",27009,26273
"2025-01-12 13:00:00",28826,26188
"2025-01-12 14:00:00",30666,26098
"2025-01-12 15:00:00",32628,26007
"2025-01-12 16:00:00",33886,25904
"2025-01-12 17:00:00",34747,25798
"2025-01-12 18:00:00",34788,25673
"2025-01-12 19:00:00",34576,25538
"2025-01-12 20:00:00",32870,25350
"2025-01-12 21:00:00",29561,25100
"2025-01-12 22:00:00",25756,24822
"2025-01-12 23:00:00",23252,24575
"2025-01-13 00:00:00",21183,24353
"2025-01-13 01:00:00",20159,24180
"2025-01-13 02:00:00",19217,24041
"2025-01-13 03:00:00",17550,23889
"2025-01-13 04:00:00",15601,23720
"2025-01-13 05:00:00",13772,23524
"2025-01-13 05:20:00",13032,
"2025-01-13 05:30:00",13015,
"2025-01-13 05:40:00",12796,
"2025-01-13 05:50:00",12659,
"2025-01-13 06:00:00",12451,23321
"2025-01-13 06:10:00",12160,
"2025-01-13 06:20:00",12059,
"2025-01-13 06:30:00",11964,
"2025-01-13 06:40:00",11794,
"2025-01-13 06:50:00",11648,
"2025-01-13 07:00:00",11555,23111
"2025-01-13 07:10:00",11480,
"2025-01-13 07:20:00",11414,
"2025-01-13 07:30:00",11373,
"2025-01-13 07:40:00",11381,
"2025-01-13 07:50:00",11306,
"2025-01-13 08:00:00",11362,22876
"2025-01-13 08:10:00",11328,
"2025-01-13 08:20:00",11310,
"2025-01-13 08:30:00",11339,
"2025-01-13 08:40:00",11346,
"2025-01-13 08:50:00",11384,
"2025-01-13 09:00:00",11468,22612
"2025-01-13 09:10:00",11621,
"2025-01-13 09:20:00",11675,
"2025-01-13 09:30:00",11810,
"2025-01-13 09:40:00",11966,
"2025-01-13 09:50:00",12127,
"2025-01-13 10:00:00",12221,22319
"2025-01-13 10:10:00",12415,
"2025-01-13 10:20:00",12622,
"2025-01-13 10:30:00",12757,
"2025-01-13 10:40:00",12968,
"2025-01-13 10:50:00",13196,
"2025-01-13 11:00:00",13423,22006
"2025-01-13 11:10:00",13673,
"2025-01-13 11:20:00",13934,
"2025-01-13 11:30:00",14191,
"2025-01-13 11:40:00",14450,
"2025-01-13 11:50:00",14837,
"2025-01-13 12:00:00",14917,21688
"2025-01-13 12:10:00",15234,
"2025-01-13 12:20:00",15637,
"2025-01-13 12:30:00",15990,
"2025-01-13 12:40:00",16406,
"2025-01-13 12:50:00",16803,
"2025-01-13 13:00:00",17075,21371
"2025-01-13 13:10:00",17336,
"2025-01-13 13:20:00",17703,
"2025-01-13 13:30:00",17994,
"2025-01-13 13:40:00",18316,
"2025-01-13 13:50:00",18686,
"2025-01-13 14:00:00",19092,21054
"2025-01-13 14:10:00",19463,
"2025-01-13 14:20:00",19801,
"2025-01-13 14:30:00",20035,
"2025-01-13 14:40:00",20333,
"2025-01-13 14:50:00",20570,
"2025-01-13 15:00:00",20846,20730
"2025-01-13 15:10:00",21147,
"2025-01-13 15:20:00",21397,
"2025-01-13 15:30:00",21622,
"2025-01-13 15:40:00",22064,
"2025-01-13 15:50:00",22500,
"2025-01-13 16:00:00",22848,20439
"2025-01-13 16:10:00",23190,
"2025-01-13 16:20:00",23514,
"2025-01-13 16:30:00",24021,
"2025-01-13 16:40:00",24410,
"2025-01-13 16:50:00",24717,
"2025-01-13 17:00:00",25085,20180
"2025-01-13 17:10:00",25446,
"2025-01-13 17:20:00",25871,
"2025-01-13 17:30:00",26162,
"2025-01-13 17:40:00",26366,
"2025-01-13 17:50:00",26622,
"2025-01-13 18:00:00",26672,19931
"2025-01-13 18:10:00",26694,
"2025-01-13 18:20:00",26852,
"2025-01-13 18:30:00",27002,
"2025-01-13 18:40:00",26925,
"2025-01-13 18:50:00",26909,
"2025-01-13 19:00:00",26818,19682
"2025-01-13 19:10:00",26630,
"2025-01-13 19:20:00",26285,
"2025-01-13 19:30:00",26260,
"2025-01-13 19:40:00",26051,
"2025-01-13 19:50:00",25873,
"2025-01-13 20:00:00",25552,19447
"2025-01-13 20:10:00",25167,
"2025-01-13 20:20:00",24867,
"2025-01-13 20:30:00",24481,
"2025-01-13 20:40:00",24139,
"2025-01-13 20:50:00",23549,
"2025-01-13 21:00:00",23095,19238
"2025-01-13 21:10:00",22536,
"2025-01-13 21:20:00",22134,
"2025-01-13 21:30:00",21681,
"2025-01-13 21:40:00",21268,
"2025-01-13 21:50:00",20832,
"2025-01-13 22:00:00",20596,19072
"2025-01-13 22:10:00",20165,
"2025-01-13 22:20:00",19756,
"2025-01-13 22:30:00",19437,
"2025-01-13 22:40:00",19109,
"2025-01-13 22:50:00",19028,
"2025-01-13 23:00:00",18757,18936
"2025-01-13 23:10:00",18467,
"2025-01-13 23:20:00",18348,
"2025-01-13 23:30:00",18122,
"2025-01-13 23:40:00",18140,
"2025-01-13 23:50:00",18037,
"2025-01-14 00:00:00",17974,18830
"2025-01-14 00:10:00",17905,
"2025-01-14 00:20:00",17907,
"2025-01-14 00:30:00",17846,
"2025-01-14 00:40:00",17905,
"2025-01-14 00:50:00",18008,
"2025-01-14 01:00:00",18046,18757
"2025-01-14 01:10:00",17850,
"2025-01-14 01:20:00",17913,
"2025-01-14 01:30:00",17871,
"2025-01-14 01:40:00",17752,
"2025-01-14 01:50:00",17644,
"2025-01-14 02:00:00",17426,18695
"2025-01-14 02:10:00",17248,
"2025-01-14 02:20:00",17211,
"2025-01-14 02:30:00",17191,
"2025-01-14 02:40:00",17021,
"2025-01-14 02:50:00",16789,
"2025-01-14 03:00:00",16492,18661
"2025-01-14 03:10:00",16081,
"2025-01-14 03:20:00",15774,
"2025-01-14 03:30:00",15640,
"2025-01-14 03:40:00",15374,
"2025-01-14 03:50:00",15176,
"2025-01-14 04:00:00",14985,18642
"2025-01-14 04:10:00",14655,
"2025-01-14 04:20:00",14501,
"2025-01-14 04:30:00",14345,
"2025-01-14 04:40:00",14136,
"2025-01-14 04:50:00",13880,
"2025-01-14 05:00:00",13529,18635
"2025-01-14 05:10:00",13231,
"2025-01-14 05:20:00",13037,
"2025-01-14 05:30:00",12767,
"2025-01-14 05:40:00",12537,
"2025-01-14 05:50:00",12332,
"2025-01-14 06:00:00",12217,18627
"2025-01-14 06:10:00",12034,
"2025-01-14 06:20:00",11902,
"2025-01-14 06:30:00",11894,
"2025-01-14 06:40:00",11839,
"2025-01-14 06:50:00",11731,
"2025-01-14 07:00:00",11693,18634
"2025-01-14 07:10:00",11693,
"2025-01-14 07:20:00",11717,
"2025-01-14 07:30:00",11672,
"2025-01-14 07:40:00",11628,
"2025-01-14 07:50:00",11604,
"2025-01-14 08:00:00",11523,18654
"2025-01-14 08:10:00",11543,
"2025-01-14 08:20:00",11590,
"2025-01-14 08:30:00",11695,
"2025-01-14 08:40:00",11822,
"2025-01-14 08:50:00",11989,
"2025-01-14 09:00:00",12077,18669
"2025-01-14 09:10:00",12129,
"2025-01-14 09:20:00",12215,
"2025-01-14 09:30:00",12338,
"2025-01-14 09:40:00",12399,
"2025-01-14 09:50:00",12573,
"2025-01-14 10:00:00",12749,18685
"2025-01-14 10:10:00",12899,
"2025-01-14 10:20:00",13048,
"2025-01-14 10:30:00",13114,
"2025-01-14 10:40:00",13451,
"2025-01-14 10:50:00",13653,
"2025-01-14 11:00:00",13866,18711
"2025-01-14 11:10:00",14218,
"2025-01-14 11:20:00",14484,
"2025-01-14 11:30:00",14775,
"2025-01-14 11:40:00",15166,
"2025-01-14 11:50:00",15502,
"2025-01-14 12:00:00",15786,18737
"2025-01-14 12:10:00",16144,
"2025-01-14 12:20:00",16443,
"2025-01-14 12:30:00",16794,
"2025-01-14 12:40:00",17111,
"2025-01-14 12:50:00",17444,
"2025-01-14 13:00:00",17709,18766
"2025-01-14 13:10:00",18044,
"2025-01-14 13:20:00",18485,
"2025-01-14 13:30:00",18767,
"2025-01-14 13:40:00",19050,
"2025-01-14 13:50:00",19373,
"2025-01-14 14:00:00",19530,18784
"2025-01-14 14:10:00",19430,
"2025-01-14 14:20:00",19161,
"2025-01-14 14:30:00",19634,
"2025-01-14 14:40:00",20261,
"2025-01-14 14:50:00",20748,
"2025-01-14 15:00:00",20989,18813
"2025-01-14 15:10:00",21485,
"2025-01-14 15:20:00",21876,
"2025-01-14 15:30:00",22212,
"2025-01-14 15:40:00",22627,
"2025-01-14 15:50:00",22987,
"2025-01-14 16:00:00",23366,18838
"2025-01-14 16:10:00",23677,
"2025-01-14 16:20:00",24050,
"2025-01-14 16:30:00",24446,
"2025-01-14 16:40:00",24723,
"2025-01-14 16:50:00",25112,
"2025-01-14 17:00:00",25565,18861
"2025-01-14 17:10:00",25831,
"2025-01-14 17:20:00",26283,
"2025-01-14 17:30:00",26484,
"2025-01-14 17:40:00",26803,
"2025-01-14 17:50:00",26995,
"2025-01-14 18:00:00",27009,18878
"2025-01-14 18:10:00",27148,
"2025-01-14 18:20:00",27219,
"2025-01-14 18:30:00",27319,
"2025-01-14 18:40:00",27322,
"2025-01-14 18:50:00",27280,
"2025-01-14 19:00:00",27224,18896
"2025-01-14 19:10:00",26933,
"2025-01-14 19:20:00",26682,
"2025-01-14 19:30:00",26534,
"2025-01-14 19:40:00",26337,
"2025-01-14 19:50:00",26088,
"2025-01-14 20:00:00",25859,18910
"2025-01-14 20:10:00",25316,
"2025-01-14 20:20:00",24893,
"2025-01-14 20:30:00",24583,
"2025-01-14 20:40:00",24185,
"2025-01-14 20:50:00",23817,
"2025-01-14 21:00:00",23395,18922
"2025-01-14 21:10:00",22905,
"2025-01-14 21:20:00",22491,
"2025-01-14 21:30:00",21987,
"2025-01-14 21:40:00",21987,
"2025-01-14 21:50:00",21987,
"2025-01-14 22:00:00",21987,18971
"2025-01-14 22:10:00",21987,
"2025-01-14 22:20:00",19758,
"2025-01-14 22:30:00",19422,
"2025-01-14 22:40:00",19210,
"2025-01-14 22:50:00",18942,
"2025-01-14 23:00:00",18680,18961
"2025-01-14 23:10:00",16078,
"2025-01-14 23:20:00",17346,
"2025-01-14 23:30:00",17487,
"2025-01-14 23:40:00",17452,
"2025-01-14 23:50:00",17470,
"2025-01-15 00:00:00",17427,18952
"2025-01-15 00:10:00",17460,
"2025-01-15 00:20:00",17470,
"2025-01-15 00:30:00",17574,
"2025-01-15 00:40:00",17561,
"2025-01-15 00:50:00",17676,
"2025-01-15 01:00:00",17695,18944
"2025-01-15 01:10:00",17731,
"2025-01-15 01:20:00",17612,
"2025-01-15 01:30:00",17686,
"2025-01-15 01:40:00",17676,
"2025-01-15 01:50:00",17654,
"2025-01-15 02:00:00",17585,18952
"2025-01-15 02:10:00",17541,
"2025-01-15 02:20:00",17403,
"2025-01-15 02:30:00",17281,
"2025-01-15 02:40:00",17117,
"2025-01-15 02:50:00",16954,
"2025-01-15 03:00:00",16682,18959
"2025-01-15 03:10:00",16316,
"2025-01-15 03:20:00",16188,
"2025-01-15 03:30:00",15951,
"2025-01-15 03:40:00",15653,
"2025-01-15 03:50:00",15458,
"2025-01-15 04:00:00",15204,18966
"2025-01-15 04:10:00",14788,
"2025-01-15 04:20:00",14487,
"2025-01-15 04:30:00",14281,
"2025-01-15 04:40:00",14021,
"2025-01-15 04:50:00",13821,
"2025-01-15 05:00:00",13587,18968
"2025-01-15 05:10:00",13394,
"2025-01-15 05:20:00",13074,
"2025-01-15 05:30:00",13024,
"2025-01-15 05:40:00",12835,
"2025-01-15 05:50:00",12687,
"2025-01-15 06:00:00",12443,18977
"2025-01-15 06:10:00",12170,
"2025-01-15 06:20:00",11994,
"2025-01-15 06:30:00",11990,
"2025-01-15 06:40:00",11882,
"2025-01-15 06:50:00",11809,
"2025-01-15 07:00:00",11800,18982
"2025-01-15 07:10:00",11656,
"2025-01-15 07:20:00",11651,
"2025-01-15 07:30:00",11580,
"2025-01-15 07:40:00",11649,
"2025-01-15 07:50:00",11617,
"2025-01-15 08:00:00",11618,18984
"2025-01-15 08:10:00",11660,
"2025-01-15 08:20:00",11744,
"2025-01-15 08:30:00",11788,
"2025-01-15 08:40:00",11860,
"2025-01-15 08:50:00",11964,
"2025-01-15 09:00:00",12027,18993
"2025-01-15 09:10:00",12151,
"2025-01-15 09:20:00",12375,
"2025-01-15 09:30:00",12575,
"2025-01-15 09:40:00",12647,
"2025-01-15 09:50:00",12753,
"2025-01-15 10:00:00",12869,19010
"2025-01-15 10:10:00",13019,
"2025-01-15 10:20:00",13271,
"2025-01-15 10:30:00",13595,
"2025-01-15 10:40:00",13846,
"2025-01-15 10:50:00",14092,
"2025-01-15 11:00:00",14356,19032
"2025-01-15 11:10:00",14744,
"2025-01-15 11:20:00",15101,
"2025-01-15 11:30:00",15479,
"2025-01-15 11:40:00",15651,
"2025-01-15 11:50:00",16099,
"2025-01-15 12:00:00",16445,19063
"2025-01-15 12:10:00",16773,
"2025-01-15 12:20:00",17096,
"2025-01-15 12:30:00",17471,
"2025-01-15 12:40:00",17879,
"2025-01-15 12:50:00",18282,
"2025-01-15 13:00:00",18617,19117
"2025-01-15 13:10:00",19095,
"2025-01-15 13:20:00",19567,
"2025-01-15 13:30:00",19893,
"2025-01-15 13:40:00",20299,
"2025-01-15 13:50:00",20859,
"2025-01-15 14:00:00",21152,19178
"2025-01-15 14:10:00",21372,
"2025-01-15 14:20:00",21644,
"2025-01-15 14:30:00",22036,
"2025-01-15 14:40:00",22296,
"2025-01-15 14:50:00",22519,
"2025-01-15 15:00:00",22904,19228
"2025-01-15 15:10:00",23098,
"2025-01-15 15:20:00",23450,
"2025-01-15 15:30:00",23735,
"2025-01-15 15:40:00",24159,
"2025-01-15 15:50:00",24488,
"2025-01-15 16:00:00",24843,19278
"2025-01-15 16:10:00",25045,
"2025-01-15 16:20:00",25589,
"2025-01-15 16:30:00",25891,
"2025-01-15 16:40:00",26152,
"2025-01-15 16:50:00",26613,
"2025-01-15 17:00:00",26825,19304
"2025-01-15 17:10:00",27002,
"2025-01-15 17:20:00",27249,
"2025-01-15 17:30:00",27533,
"2025-01-15 17:40:00",27742,
"2025-01-15 17:50:00",27828,
"2025-01-15 18:00:00",27950,19325
"2025-01-15 18:10:00",27835,
"2025-01-15 18:20:00",27893,
"2025-01-15 18:30:00",27980,
"2025-01-15 18:40:00",27933,
"2025-01-15 18:50:00",27926,
"2025-01-15 19:00:00",27783,19345
"2025-01-15 19:10:00",27546,
"2025-01-15 19:20:00",27201,
"2025-01-15 19:30:00",26964,
"2025-01-15 19:40:00",26769,
"2025-01-15 19:50:00",26542,
"2025-01-15 20:00:00",26210,19357
"2025-01-15 20:10:00",25736,
"2025-01-15 20:20:00",25405,
"2025-01-15 20:30:00",25072,
"2025-01-15 20:40:00",24594,
"2025-01-15 20:50:00",24187,
"2025-01-15 21:00:00",23654,19369
"2025-01-15 21:10:00",22997,
"2025-01-15 21:20:00",22380,
"2025-01-15 21:30:00",22051,
"2025-01-15 21:40:00",21609,
"2025-01-15 21:50:00",21261,
"2025-01-15 22:00:00",21008,19340
"2025-01-15 22:10:00",20591,
"2025-01-15 22:20:00",20107,
"2025-01-15 22:30:00",19695,
"2025-01-15 22:40:00",19560,
"2025-01-15 22:50:00",19249,
"2025-01-15 23:00:00",19089,19357
"2025-01-15 23:10:00",18713,
"2025-01-15 23:20:00",18600,
"2025-01-15 23:30:00",18575,
"2025-01-15 23:40:00",18557,
"2025-01-15 23:50:00",18288,
"2025-01-16 00:00:00",18271,19379
"2025-01-16 00:10:00",18127,
"2025-01-16 00:20:00",18018,
"2025-01-16 00:30:00",18100,
"2025-01-16 00:40:00",18068,
"2025-01-16 00:50:00",18098,
"2025-01-16 01:00:00",18063,19392
"2025-01-16 01:10:00",17925,
"2025-01-16 01:20:00",17958,
"2025-01-16 01:30:00",18000,
"2025-01-16 01:40:00",17901,
"2025-01-16 01:50:00",17876,
"2025-01-16 02:00:00",17730,19398
"2025-01-16 02:10:00",17473,
"2025-01-16 02:20:00",17308,
"2025-01-16 02:30:00",17264,
"2025-01-16 02:40:00",17044,
"2025-01-16 02:50:00",16942,
"2025-01-16 03:00:00",16727,19399
"2025-01-16 03:10:00",16519,
"2025-01-16 03:20:00",16297,
"2025-01-16 03:30:00",16104,
"2025-01-16 03:40:00",15773,
"2025-01-16 03:50:00",15513,
"2025-01-16 04:00:00",15305,19405
"2025-01-16 04:10:00",14933,
"2025-01-16 04:20:00",14753,
"2025-01-16 04:30:00",14648,
"2025-01-16 04:40:00",14401,
"2025-01-16 04:50:00",14125,
"2025-01-16 05:00:00",13954,19420
"2025-01-16 05:10:00",13604,
"2025-01-16 05:20:00",13345,
"2025-01-16 05:30:00",13202,
"2025-01-16 05:40:00",13117,
"2025-01-16 05:50:00",12922,
"2025-01-16 06:00:00",12805,19435
"2025-01-16 06:10:00",12683,
"2025-01-16 06:20:00",12711,
"2025-01-16 06:30:00",12607,
"2025-01-16 06:40:00",12554,
"2025-01-16 06:50:00",12464,
"2025-01-16 07:00:00",12337,19458
"2025-01-16 07:10:00",12261,
"2025-01-16 07:20:00",12257,
"2025-01-16 07:30:00",12256,
"2025-01-16 07:40:00",12277,
"2025-01-16 07:50:00",12183,
"2025-01-16 08:00:00",12154,19476
"2025-01-16 08:10:00",12175,
"2025-01-16 08:20:00",12248,
"2025-01-16 08:30:00",12273,
"2025-01-16 08:40:00",12309,
"2025-01-16 08:50:00",12375,
"2025-01-16 09:00:00",12468,19495
"2025-01-16 09:10:00",12565,
"2025-01-16 09:20:00",12644,
"2025-01-16 09:30:00",12823,
"2025-01-16 09:40:00",12976,
"2025-01-16 09:50:00",13138,
"2025-01-16 10:00:00",13291,19515
"2025-01-16 10:10:00",13434,
"2025-01-16 10:20:00",13652,
"2025-01-16 10:30:00",13966,
"2025-01-16 10:40:00",14234,
"2025-01-16 10:50:00",14488,
"2025-01-16 11:00:00",14780,19530
"2025-01-16 11:10:00",15024,
"2025-01-16 11:20:00",15358,
"2025-01-16 11:30:00",15795,
"2025-01-16 11:40:00",16012,
"2025-01-16 11:50:00",16317,
"2025-01-16 12:00:00",16698,19550
"2025-01-16 12:10:00",17067,
"2025-01-16 12:20:00",17520,
"2025-01-16 12:30:00",17825,
"2025-01-16 12:40:00",18288,
"2025-01-16 12:50:00",18753,
"2025-01-16 13:00:00",19029,19552
"2025-01-16 13:10:00",19327,
"2025-01-16 13:20:00",19740,
"2025-01-16 13:30:00",20016,
"2025-01-16 13:40:00",20325,
"2025-01-16 13:50:00",20660,
"2025-01-16 14:00:00",20985,19554
"2025-01-16 14:10:00",21157,
"2025-01-16 14:20:00",21420,
"2025-01-16 14:30:00",21786,
"2025-01-16 14:40:00",21981,
"2025-01-16 14:50:00",22197,
"2025-01-16 15:00:00",22395,19553
"2025-01-16 15:10:00",22702,
"2025-01-16 15:20:00",22933,
"2025-01-16 15:30:00",23351,
"2025-01-16 15:40:00",23752,
"2025-01-16 15:50:00",24042,
"2025-01-16 16:00:00",24485,19550
"2025-01-16 16:10:00",24835,
"2025-01-16 16:20:00",25231,
"2025-01-16 16:30:00",25451,
"2025-01-16 16:40:00",25761,
"2025-01-16 16:50:00",26107,
"2025-01-16 17:00:00",26353,19556
"2025-01-16 17:10:00",26544,
"2025-01-16 17:20:00",26914,
"2025-01-16 17:30:00",27036,
"2025-01-16 17:40:00",27312,
"2025-01-16 17:50:00",27554,
"2025-01-16 18:00:00",27704,19571
"2025-01-16 18:10:00",27729,
"2025-01-16 18:20:00",27854,
"2025-01-16 18:30:00",27897,
"2025-01-16 18:40:00",27924,
"2025-01-16 18:50:00",27920,
"2025-01-16 19:00:00",27776,19588
"2025-01-16 19:10:00",27753,
"2025-01-16 19:20:00",27662,
"2025-01-16 19:30:00",27621,
"2025-01-16 19:40:00",27228,
"2025-01-16 19:50:00",27095,
"2025-01-16 20:00:00",26696,19624
"2025-01-16 20:10:00",26347,
"2025-01-16 20:20:00",25942,
"2025-01-16 20:30:00",25631,
"2025-01-16 20:40:00",25281,
"2025-01-16 20:50:00",24972,
"2025-01-16 21:00:00",24621,19681
"2025-01-16 21:10:00",23821,
"2025-01-16 21:20:00",23272,
"2025-01-16 21:30:00",22743,
"2025-01-16 21:40:00",22281,
"2025-01-16 21:50:00",21803,
"2025-01-16 22:00:00",21460,19723
"2025-01-16 22:10:00",21083,
"2025-01-16 22:20:00",20698,
"2025-01-16 22:30:00",20417,
"2025-01-16 22:40:00",20205,
"2025-01-16 22:50:00",19704,
"2025-01-16 23:00:00",19315,19758
"2025-01-16 23:10:00",19094,
"2025-01-16 23:20:00",18682,
"2025-01-16 23:30:00",18736,
"2025-01-16 23:40:00",18646,
"2025-01-16 23:50:00",18570,
"2025-01-17 00:00:00",18546,19791
"2025-01-17 00:10:00",18460,
"2025-01-17 00:20:00",18273,
"2025-01-17 00:30:00",18243,
"2025-01-17 00:40:00",18305,
"2025-01-17 00:50:00",18187,
"2025-01-17 01:00:00",18178,19810
"2025-01-17 01:10:00",17963,
"2025-01-17 01:20:00",17936,
"2025-01-17 01:30:00",17911,
"2025-01-17 01:40:00",17892,
"2025-01-17 01:50:00",17784,
"2025-01-17 02:00:00",17745,19821
"2025-01-17 02:10:00",17434,
"2025-01-17 02:20:00",17486,
"2025-01-17 02:30:00",17457,
"2025-01-17 02:40:00",17376,
"2025-01-17 02:50:00",17228,
"2025-01-17 03:00:00",17051,19843
"2025-01-17 03:10:00",16781,
"2025-01-17 03:20:00",16635,
"2025-01-17 03:30:00",16355,
"2025-01-17 03:40:00",16140,
"2025-01-17 03:50:00",15906,
"2025-01-17 04:00:00",15631,19865
"2025-01-17 04:10:00",15287,
"2025-01-17 04:20:00",15103,
"2025-01-17 04:30:00",15012,
"2025-01-17 04:40:00",14871,
"2025-01-17 04:50:00",14630,
"2025-01-17 05:00:00",14503,19898
"2025-01-17 05:10:00",14153,
"2025-01-17 05:20:00",14046,
"2025-01-17 05:30:00",13883,
"2025-01-17 05:40:00",13711,
"2025-01-17 05:50:00",13619,
"2025-01-17 06:00:00",13461,19937
"2025-01-17 06:10:00",13254,
"2025-01-17 06:20:00",13157,
"2025-01-17 06:30:00",13124,
"2025-01-17 06:40:00",13024,
"2025-01-17 06:50:00",12988,
"2025-01-17 07:00:00",12941,19976
"2025-01-17 07:10:00",12935,
"2025-01-17 07:20:00",12965,
"2025-01-17 07:30:00",12968,
"2025-01-17 07:40:00",12881,
"2025-01-17 07:50:00",12801,
"2025-01-17 08:00:00",12869,20030
"2025-01-17 08:10:00",12918,
"2025-01-17 08:20:00",12970,
"2025-01-17 08:30:00",13059,
"2025-01-17 08:40:00",13207,
"2025-01-17 08:50:00",13329,
"2025-01-17 09:00:00",13396,20090
"2025-01-17 09:10:00",13556,
"2025-01-17 09:20:00",13677,
"2025-01-17 09:30:00",13776,
"2025-01-17 09:40:00",13924,
"2025-01-17 09:50:00",14197,
"2025-01-17 10:00:00",14422,20168
"2025-01-17 10:10:00",14657,
"2025-01-17 10:20:00",15000,
"2025-01-17 10:30:00",15257,
"2025-01-17 10:40:00",15515,
"2025-01-17 10:50:00",15906,
"2025-01-17 11:00:00",16150,20219
"2025-01-17 11:10:00",16112,
"2025-01-17 11:20:00",16184,
"2025-01-17 11:30:00",16409,
"2025-01-17 11:40:00",16642,
"2025-01-17 11:50:00",17000,
"2025-01-17 12:00:00",17491,20319
"2025-01-17 12:10:00",18195,
"2025-01-17 12:20:00",18954,
"2025-01-17 12:30:00",19548,
"2025-01-17 12:40:00",20072,
"2025-01-17 12:50:00",20642,
"2025-01-17 13:00:00",21046,20446
"2025-01-17 13:10:00",21578,
"2025-01-17 13:20:00",22134,
"2025-01-17 13:30:00",22521,
"2025-01-17 13:40:00",22842,
"2025-01-17 13:50:00",23393,
"2025-01-17 14:00:00",23699,20596
"2025-01-17 14:10:00",24164,
"2025-01-17 14:20:00",24614,
"2025-01-17 14:30:00",24952,
"2025-01-17 14:40:00",25287,
"2025-01-17 14:50:00",25564,
"2025-01-17 15:00:00",25699,20743
"2025-01-17 15:10:00",25972,
"2025-01-17 15:20:00",26505,
"2025-01-17 15:30:00",26839,
"2025-01-17 15:40:00",27158,
"2025-01-17 15:50:00",27371,
"2025-01-17 16:00:00",27759,20896
"2025-01-17 16:10:00",27962,
"2025-01-17 16:20:00",28463,
"2025-01-17 16:30:00",28733,
"2025-01-17 16:40:00",29185,
"2025-01-17 16:50:00",29639,
"2025-01-17 17:00:00",30136,21057
"2025-01-17 17:10:00",30468,
"2025-01-17 17:20:00",30729,
"2025-01-17 17:30:00",31019,
"2025-01-17 17:40:00",31213,
"2025-01-17 17:50:00",31362,
"2025-01-17 18:00:00",31506,21220
"2025-01-17 18:10:00",31500,
"2025-01-17 18:20:00",31618,
"2025-01-17 18:30:00",31763,
"2025-01-17 18:40:00",31765,
"2025-01-17 18:50:00",31831,
"2025-01-17 19:00:00",31935,21395
"2025-01-17 19:10:00",31885,
"2025-01-17 19:20:00",32013,
"2025-01-17 19:30:00",32029,
"2025-01-17 19:40:00",31973,
"2025-01-17 19:50:00",31853,
"2025-01-17 20:00:00",31776,21603
"2025-01-17 20:10:00",31565,
"2025-01-17 20:20:00",31395,
"2025-01-17 20:30:00",31099,
"2025-01-17 20:40:00",30941,
"2025-01-17 20:50:00",30775,
"2025-01-17 21:00:00",30508,21841
"2025-01-17 21:10:00",29972,
"2025-01-17 21:20:00",29556,
"2025-01-17 21:30:00",29236,
"2025-01-17 21:40:00",28838,
"2025-01-17 21:50:00",28452,
"2025-01-17 22:00:00",27868,22098
"2025-01-17 22:10:00",27342,
"2025-01-17 22:20:00",26855,
"2025-01-17 22:30:00",26465,
"2025-01-17 22:40:00",25879,
"2025-01-17 22:50:00",25404,
"2025-01-17 23:00:00",25031,22328
"2025-01-17 23:10:00",24592,
"2025-01-17 23:20:00",24203,
"2025-01-17 23:30:00",23785,
"2025-01-17 23:40:00",23310,
"2025-01-17 23:50:00",23058,
"2025-01-18 00:00:00",22775,22498
"2025-01-18 00:10:00",22507,
"2025-01-18 00:20:00",22238,
"2025-01-18 00:30:00",22009,
"2025-01-18 00:40:00",21831,
"2025-01-18 00:50:00",21564,
"2025-01-18 01:00:00",21335,22623
"2025-01-18 01:10:00",21161,
"2025-01-18 01:20:00",21133,
"2025-01-18 01:30:00",20976,
"2025-01-18 01:40:00",20982,
"2025-01-18 01:50:00",20877,
"2025-01-18 02:00:00",20766,22741
"2025-01-18 02:10:00",20655,
"2025-01-18 02:20:00",20454,
"2025-01-18 02:30:00",20448,
"2025-01-18 02:40:00",20449,
"2025-01-18 02:50:00",20334,
"2025-01-18 03:00:00",20309,22866
"2025-01-18 03:10:00",20197,
"2025-01-18 03:20:00",20015,
"2025-01-18 03:30:00",19952,
"2025-01-18 03:40:00",19893,
"2025-01-18 03:50:00",19737,
"2025-01-18 04:00:00",19595,23017
"2025-01-18 04:10:00",19285,
"2025-01-18 04:20:00",19231,
"2025-01-18 04:30:00",19225,
"2025-01-18 04:40:00",19118,
"2025-01-18 04:50:00",18984,
"2025-01-18 05:00:00",18965,23187
"2025-01-18 05:10:00",18767,
"2025-01-18 05:20:00",18698,
"2025-01-18 05:30:00",18543,
"2025-01-18 05:40:00",18395,
"2025-01-18 05:50:00",18344,
"2025-01-18 06:00:00",18264,23371
"2025-01-18 06:10:00",18155,
"2025-01-18 06:20:00",18111,
"2025-01-18 06:30:00",18088,
"2025-01-18 06:40:00",18078,
"2025-01-18 06:50:00",17998,
"2025-01-18 07:00:00",18071,23586
"2025-01-18 07:10:00",18021,
"2025-01-18 07:20:00",18009,
"2025-01-18 07:30:00",18096,
"2025-01-18 07:40:00",18329,
"2025-01-18 07:50:00",18569,
"2025-01-18 08:00:00",18741,23833
"2025-01-18 08:10:00",18995,
"2025-01-18 08:20:00",19155,
"2025-01-18 08:30:00",19389,
"2025-01-18 08:40:00",19629,
"2025-01-18 08:50:00",19757,
"2025-01-18 09:00:00",20228,24126
"2025-01-18 09:10:00",20509,
"2025-01-18 09:20:00",20717,
"2025-01-18 09:30:00",21044,
"2025-01-18 09:40:00",21414,
"2025-01-18 09:50:00",21785,
"2025-01-18 10:00:00",22109,24438
"2025-01-18 10:10:00",22531,
"2025-01-18 10:20:00",22982,
"2025-01-18 10:30:00",23248,
"2025-01-18 10:40:00",23621,
"2025-01-18 10:50:00",23964,
"2025-01-18 11:00:00",24349,24793
"2025-01-18 11:10:00",24610,
"2025-01-18 11:20:00",24895,
"2025-01-18 11:30:00",25165,
"2025-01-18 11:40:00",25560,
"2025-01-18 11:50:00",26106,
"2025-01-18 12:00:00",26561,25106
"2025-01-18 12:10:00",26950,
"2025-01-18 12:20:00",27401,
"2025-01-18 12:30:00",27820,
"2025-01-18 12:40:00",28250,
"2025-01-18 12:50:00",28665,
"2025-01-18 13:00:00",29053,25406
"2025-01-18 13:10:00",29561,
"2025-01-18 13:20:00",29898,
"2025-01-18 13:30:00",30204,
"2025-01-18 13:40:00",30795,
"2025-01-18 13:50:00",31117,
"2025-01-18 14:00:00",31399,25699
"2025-01-18 14:10:00",31687,
"2025-01-18 14:20:00",32102,
"2025-01-18 14:30:00",32530,
"2025-01-18 14:40:00",32677,
"2025-01-18 14:50:00",33080,
"2025-01-18 15:00:00",33265,25983
"2025-01-18 15:10:00",33353,
"2025-01-18 15:20:00",33833,
"2025-01-18 15:30:00",34082,
"2025-01-18 15:40:00",34370,
"2025-01-18 15:50:00",34653,
"2025-01-18 16:00:00",34843,26237
"2025-01-18 16:10:00",35285,
"2025-01-18 16:20:00",35521,
"2025-01-18 16:30:00",35650,
"2025-01-18 16:40:00",35980,
"2025-01-18 16:50:00",36145,
"2025-01-18 17:00:00",36596,26474
"2025-01-18 17:10:00",36774,
"2025-01-18 17:20:00",36881,
"2025-01-18 17:30:00",36914,
"2025-01-18 17:40:00",37140,
"2025-01-18 17:50:00",37431,
"2025-01-18 18:00:00",37634,26708
"2025-01-18 18:10:00",37658,
"2025-01-18 18:20:00",37770,
"2025-01-18 18:30:00",37855,
"2025-01-18 18:40:00",37837,
"2025-01-18 18:50:00",37849,
"2025-01-18 19:00:00",38044,26950
"2025-01-18 19:10:00",38219,
"2025-01-18 19:20:00",38232,
"2025-01-18 19:30:00",38049,
"2025-01-18 19:40:00",38159,
"2025-01-18 19:50:00",37982,
"2025-01-18 20:00:00",37953,27190
"2025-01-18 20:10:00",37764,
"2025-01-18 20:20:00",37524,
"2025-01-18 20:30:00",37208,
"2025-01-18 20:40:00",37038,
"2025-01-18 20:50:00",36686,
"2025-01-18 21:00:00",36275,27412
"2025-01-18 21:10:00",35882,
"2025-01-18 21:20:00",35345,
"2025-01-18 21:30:00",35037,
"2025-01-18 21:40:00",34498,
"2025-01-18 21:50:00",34042,
"2025-01-18 22:00:00",33289,27618
"2025-01-18 22:10:00",32557,
"2025-01-18 22:20:00",32017,
"2025-01-18 22:30:00",31483,
"2025-01-18 22:40:00",30965,
"2025-01-18 22:50:00",30421,
"2025-01-18 23:00:00",29777,27796
"2025-01-18 23:10:00",29096,
"2025-01-18 23:20:00",28477,
"2025-01-18 23:30:00",27962,
"2025-01-18 23:40:00",27605,
"2025-01-18 23:50:00",27208,
"2025-01-19 00:00:00",26557,27937
"2025-01-19 00:10:00",26012,
"2025-01-19 00:20:00",25575,
"2025-01-19 00:30:00",25144,
"2025-01-19 00:40:00",24843,
"2025-01-19 00:50:00",24564,
"2025-01-19 01:00:00",24238,28046
"2025-01-19 01:10:00",23781,
"2025-01-19 01:20:00",23565,
"2025-01-19 01:30:00",23432,
"2025-01-19 01:40:00",23360,
"2025-01-19 01:50:00",23297,
"2025-01-19 02:00:00",23062,28134
"2025-01-19 02:10:00",22674,
"2025-01-19 02:20:00",22446,
"2025-01-19 02:30:00",22267,
"2025-01-19 02:40:00",22151,
"2025-01-19 02:50:00",22093,
"2025-01-19 03:00:00",22049,28201
"2025-01-19 03:10:00",22011,
"2025-01-19 03:20:00",21917,
"2025-01-19 03:30:00",21767,
"2025-01-19 03:40:00",21605,
"2025-01-19 03:50:00",21454,
"2025-01-19 04:00:00",21284,28268
"2025-01-19 04:10:00",21039,
"2025-01-19 04:20:00",20950,
"2025-01-19 04:30:00",20919,
"2025-01-19 04:40:00",20803,
"2025-01-19 04:50:00",20729,
"2025-01-19 05:00:00",20562,28330
"2025-01-19 05:10:00",20264,
"2025-01-19 05:20:00",20171,
"2025-01-19 05:30:00",20167,
"2025-01-19 05:40:00",20145,
"2025-01-19 05:50:00",20075,
"2025-01-19 06:00:00",19989,28397
"2025-01-19 06:10:00",19748,
"2025-01-19 06:20:00",19567,
"2025-01-19 06:30:00",19520,
"2025-01-19 06:40:00",19455,
"2025-01-19 06:50:00",19374,
"2025-01-19 07:00:00",19366,28449
"2025-01-19 07:10:00",19254,
"2025-01-19 07:20:00",19284,
"2025-01-19 07:30:00",19304,
"2025-01-19 07:40:00",19400,
"2025-01-19 07:50:00",19581,
"2025-01-19 08:00:00",19732,28513
"2025-01-19 08:10:00",19973,
"2025-01-19 08:20:00",20225,
"2025-01-19 08:30:00",20467,
"2025-01-19 08:40:00",20748,
"2025-01-19 08:50:00",21031,
"2025-01-19 09:00:00",21294,28571
"2025-01-19 09:10:00",21433,
"2025-01-19 09:20:00",21828,
"2025-01-19 09:30:00",22118,
"2025-01-19 09:40:00",22530,
"2025-01-19 09:50:00",22965,
"2025-01-19 10:00:00",23310,28641
"2025-01-19 10:10:00",23686,
"2025-01-19 10:20:00",24159,
"2025-01-19 10:30:00",24626,
"2025-01-19 10:40:00",25090,
"2025-01-19 10:50:00",25509,
"2025-01-19 11:00:00",25971,28708
"2025-01-19 11:10:00",26395,
"2025-01-19 11:20:00",26696,
"2025-01-19 11:30:00",27167,
"2025-01-19 11:40:00",27418,
"2025-01-19 11:50:00",27642,
"2025-01-19 12:00:00",27893,28752
"2025-01-19 12:10:00",28292,
"2025-01-19 12:20:00",28711,
"2025-01-19 12:30:00",29115,
"2025-01-19 12:40:00",29410,
"2025-01-19 12:50:00",29709,
"2025-01-19 13:00:00",29995,28788
"2025-01-19 13:10:00",30441,
"2025-01-19 13:20:00",30885,
"2025-01-19 13:30:00",31322,
"2025-01-19 13:40:00",31734,
"2025-01-19 13:50:00",32024,
"2025-01-19 14:00:00",32261,28804
"2025-01-19 14:10:00",32481,
"2025-01-19 14:20:00",32783,
"2025-01-19 14:30:00",33148,
"2025-01-19 14:40:00",33359,
"2025-01-19 14:50:00",33601,
"2025-01-19 15:00:00",33742,28819
"2025-01-19 15:10:00",34036,
"2025-01-19 15:20:00",34453,
"2025-01-19 15:30:00",34607,
"2025-01-19 15:40:00",34961,
"2025-01-19 15:50:00",35187,
"2025-01-19 16:00:00",35283,28822
"2025-01-19 16:10:00",35365,
"2025-01-19 16:20:00",35642,
"2025-01-19 16:30:00",35851,
"2025-01-19 16:40:00",36113,
"2025-01-19 16:50:00",36430,
"2025-01-19 17:00:00",36646,28798
"2025-01-19 17:10:00",36721,
"2025-01-19 17:20:00",36842,
"2025-01-19 17:30:00",37089,
"2025-01-19 17:40:00",37089,
"2025-01-19 17:50:00",37092,
"2025-01-19 18:00:00",37311,28764
"2025-01-19 18:10:00",37150,
"2025-01-19 18:20:00",37183,
"2025-01-19 18:30:00",37219,
"2025-01-19 18:40:00",37221,
"2025-01-19 18:50:00",37034,
"2025-01-19 19:00:00",36901,28698
"2025-01-19 19:10:00",36631,
"2025-01-19 19:20:00",36384,
"2025-01-19 19:30:00",36283,
"2025-01-19 19:40:00",36004,
"2025-01-19 19:50:00",35676,
"2025-01-19 20:00:00",35295,28578
"2025-01-19 20:10:00",34556,
"2025-01-19 20:20:00",34006,
"2025-01-19 20:30:00",33446,
"2025-01-19 20:40:00",32725,
"2025-01-19 20:50:00",32053,
"2025-01-19 21:00:00",31365,28366
"2025-01-19 21:10:00",30660,
"2025-01-19 21:20:00",30091,
"2025-01-19 21:30:00",29547,
"2025-01-19 21:40:00",28922,
"2025-01-19 21:50:00",28461,
"2025-01-19 22:00:00",27765,28135
"2025-01-19 22:10:00",27107,
"2025-01-19 22:20:00",26401,
"2025-01-19 22:30:00",25739,
"2025-01-19 22:40:00",25146,
"2025-01-19 22:50:00",24626,
"2025-01-19 23:00:00",24290,27909
"2025-01-19 23:10:00",23974,
"2025-01-19 23:20:00",23635,
"2025-01-19 23:30:00",23251,
"2025-01-19 23:40:00",23030,
"2025-01-19 23:50:00",22643,
"2025-01-20 00:00:00",22340,27740
"2025-01-20 00:10:00",22088,
"2025-01-20 00:20:00",21885,
"2025-01-20 00:30:00",21687,
"2025-01-20 00:40:00",21560,
"2025-01-20 00:50:00",21552,
"2025-01-20 01:00:00",21517,27635
"2025-01-20 01:10:00",21360,
"2025-01-20 01:20:00",21302,
"2025-01-20 01:30:00",21309,
"2025-01-20 01:40:00",21182,
"2025-01-20 01:50:00",21117,
"2025-01-20 02:00:00",21081,27561
"2025-01-20 02:10:00",20861,
"2025-01-20 02:20:00",20695,
"2025-01-20 02:30:00",20586,
"2025-01-20 02:40:00",20435,
"2025-01-20 02:50:00",20478,
"2025-01-20 03:00:00",20420,27502
"2025-01-20 03:10:00",20127,
"2025-01-20 03:20:00",20043,
"2025-01-20 03:30:00",19938,
"2025-01-20 03:40:00",19650,
"2025-01-20 03:50:00",19479,
"2025-01-20 04:00:00",19286,27429
"2025-01-20 04:10:00",18837,
"2025-01-20 04:20:00",18578,
"2025-01-20 04:30:00",18302,
"2025-01-20 04:40:00",18218,
"2025-01-20 04:50:00",18010,
"2025-01-20 05:00:00",17727,27323
"2025-01-20 05:10:00",17376,
"2025-01-20 05:20:00",17261,27323